tdr_date,tc_20year,tc_30year,ltr_extrapolation_factor,br_round_b1_close_6wk_2,br_round_b1_yield_6wk_2,br_round_b1_close_8wk_2,br_round_b1_yield_8wk_2,br_round_b1_close_17wk_2,br_round_b1_yield_17wk_2,br_round_b1_close_52wk_2,br_round_b1_yield_52wk_2,bc_1month,bc_1_5month,bc_2month,bc_3month,bc_4month,bc_6month,bc_1year,bc_2year,bc_3year,bc_5year,bc_7year,bc_10year,bc_20year,bc_30year
1990-01-02T12:00:00Z,N/A,N/A,N/A,N/A,N/A,N/A,N/A,N/A,N/A,N/A,N/A,N/A,N/A,N/A,7.83,N/A,7.89,7.81,7.87,7.90,7.87,7.98,7.94,N/A,8.00
1990-01-03T12:00:00Z,N/A,N/A,N/A,N/A,N/A,N/A,N/A,N/A,N/A,N/A,N/A,N/A,N/A,N/A,7.89,N/A,7.94,7.85,7.94,7.96,7.92,8.04,7.99,N/A,8.04
1990-01-04T12:00:00Z,N/A,N/A,N/A,N/A,N/A,N/A,N/A,N/A,N/A,N/A,N/A,N/A,N/A,N/A,7.84,N/A,7.90,7.82,7.92,7.93,7.91,8.02,7.98,N/A,8.04
1990-01-05T12:00:00Z,N/A,N/A,N/A,N/A,N/A,N/A,N/A,N/A,N/A,N/A,N/A,N/A,N/A,N/A,7.79,N/A,7.85,7.79,7.90,7.94,7.92,8.03,7.99,N/A,8.06
1990-01-08T12:00:00Z,N/A,N/A,N/A,N/A,N/A,N/A,N/A,N/A,N/A,N/A,N/A,N/A,N/A,N/A,7.79,N/A,7.88,7.81,7.90,7.95,7.92,8.05,8.02,N/A,8.09
1990-01-09T12:00:00Z,N/A,N/A,N/A,N/A,N/A,N/A,N/A,N/A,N/A,N/A,N/A,N/A,N/A,N/A,7.80,N/A,7.82,7.78,7.91,7.94,7.92,8.05,8.02,N/A,8.10
1990-01-10T12:00:00Z,N/A,N/A,N/A,N/A,N/A,N/A,N/A,N/A,N/A,N/A,N/A,N/A,N/A,N/A,7.75,N/A,7.78,7.77,7.91,7.95,7.92,8.00,8.03,N/A,8.11
1990-01-11T12:00:00Z,N/A,N/A,N/A,N/A,N/A,N/A,N/A,N/A,N/A,N/A,N/A,N/A,N/A,N/A,7.80,N/A,7.80,7.77,7.91,7.95,7.94,8.01,8.04,N/A,8.11
1990-01-12T12:00:00Z,N/A,N/A,N/A,N/A,N/A,N/A,N/A,N/A,N/A,N/A,N/A,N/A,N/A,N/A,7.74,N/A,7.81,7.76,7.93,7.98,7.99,8.07,8.10,N/A,8.17
1990-01-16T12:00:00Z,N/A,N/A,N/A,N/A,N/A,N/A,N/A,N/A,N/A,N/A,N/A,N/A,N/A,N/A,7.89,N/A,7.99,7.92,8.10,8.13,8.11,8.18,8.20,N/A,8.25
1990-01-17T12:00:00Z,N/A,N/A,N/A,N/A,N/A,N/A,N/A,N/A,N/A,N/A,N/A,N/A,N/A,N/A,7.97,N/A,7.97,7.91,8.09,8.11,8.11,8.17,8.19,N/A,8.25
1990-01-18T12:00:00Z,N/A,N/A,N/A,N/A,N/A,N/A,N/A,N/A,N/A,N/A,N/A,N/A,N/A,N/A,8.04,N/A,8.08,8.05,8.25,8.28,8.27,8.31,8.32,N/A,8.35
1990-01-19T12:00:00Z,N/A,N/A,N/A,N/A,N/A,N/A,N/A,N/A,N/A,N/A,N/A,N/A,N/A,N/A,8.00,N/A,8.01,8.00,8.20,8.23,8.20,8.24,8.26,N/A,8.29
1990-01-22T12:00:00Z,N/A,N/A,N/A,N/A,N/A,N/A,N/A,N/A,N/A,N/A,N/A,N/A,N/A,N/A,7.99,N/A,7.99,7.98,8.18,8.20,8.19,8.25,8.27,N/A,8.31
1990-01-23T12:00:00Z,N/A,N/A,N/A,N/A,N/A,N/A,N/A,N/A,N/A,N/A,N/A,N/A,N/A,N/A,7.93,N/A,7.97,7.97,8.18,8.20,8.18,8.23,8.26,N/A,8.29
1990-01-24T12:00:00Z,N/A,N/A,N/A,N/A,N/A,N/A,N/A,N/A,N/A,N/A,N/A,N/A,N/A,N/A,7.93,N/A,7.99,8.00,8.20,8.29,8.28,8.34,8.38,N/A,8.41
1990-01-25T12:00:00Z,N/A,N/A,N/A,N/A,N/A,N/A,N/A,N/A,N/A,N/A,N/A,N/A,N/A,N/A,7.95,N/A,8.01,8.03,8.24,8.32,8.31,8.39,8.42,N/A,8.46
1990-01-26T12:00:00Z,N/A,N/A,N/A,N/A,N/A,N/A,N/A,N/A,N/A,N/A,N/A,N/A,N/A,N/A,7.93,N/A,8.04,8.07,8.28,8.38,8.38,8.45,8.49,N/A,8.55
1990-01-29T12:00:00Z,N/A,N/A,N/A,N/A,N/A,N/A,N/A,N/A,N/A,N/A,N/A,N/A,N/A,N/A,8.00,N/A,8.09,8.08,8.30,8.39,8.39,8.45,8.50,N/A,8.54
1990-01-30T12:00:00Z,N/A,N/A,N/A,N/A,N/A,N/A,N/A,N/A,N/A,N/A,N/A,N/A,N/A,N/A,8.00,N/A,8.14,8.09,8.30,8.39,8.43,8.47,8.51,N/A,8.55
1990-01-31T12:00:00Z,N/A,N/A,N/A,N/A,N/A,N/A,N/A,N/A,N/A,N/A,N/A,N/A,N/A,N/A,8.00,N/A,8.13,8.08,8.28,8.36,8.35,8.39,8.43,N/A,8.46
1990-02-01T12:00:00Z,N/A,N/A,N/A,N/A,N/A,N/A,N/A,N/A,N/A,N/A,N/A,N/A,N/A,N/A,8.02,N/A,8.13,8.09,8.28,8.35,8.35,8.38,8.42,N/A,8.44
1990-02-02T12:00:00Z,N/A,N/A,N/A,N/A,N/A,N/A,N/A,N/A,N/A,N/A,N/A,N/A,N/A,N/A,8.07,N/A,8.17,8.13,8.37,8.43,8.42,8.46,8.50,N/A,8.51
1990-02-05T12:00:00Z,N/A,N/A,N/A,N/A,N/A,N/A,N/A,N/A,N/A,N/A,N/A,N/A,N/A,N/A,8.08,N/A,8.18,8.15,8.37,8.43,8.44,8.48,8.53,N/A,8.53
1990-02-06T12:00:00Z,N/A,N/A,N/A,N/A,N/A,N/A,N/A,N/A,N/A,N/A,N/A,N/A,N/A,N/A,8.09,N/A,8.17,8.15,8.42,8.43,8.49,8.52,8.57,N/A,8.58
1990-02-07T12:00:00Z,N/A,N/A,N/A,N/A,N/A,N/A,N/A,N/A,N/A,N/A,N/A,N/A,N/A,N/A,8.08,N/A,8.19,8.17,8.42,8.43,8.51,8.53,8.52,N/A,8.57
1990-02-08T12:00:00Z,N/A,N/A,N/A,N/A,N/A,N/A,N/A,N/A,N/A,N/A,N/A,N/A,N/A,N/A,8.08,N/A,8.18,8.13,8.37,8.39,8.45,8.48,8.49,N/A,8.50
1990-02-09T12:00:00Z,N/A,N/A,N/A,N/A,N/A,N/A,N/A,N/A,N/A,N/A,N/A,N/A,N/A,N/A,8.02,N/A,8.09,8.03,8.25,8.24,8.29,8.34,8.31,N/A,8.36
1990-02-12T12:00:00Z,N/A,N/A,N/A,N/A,N/A,N/A,N/A,N/A,N/A,N/A,N/A,N/A,N/A,N/A,7.99,N/A,8.11,8.06,8.32,8.32,8.37,8.41,8.40,N/A,8.43
1990-02-13T12:00:00Z,N/A,N/A,N/A,N/A,N/A,N/A,N/A,N/A,N/A,N/A,N/A,N/A,N/A,N/A,7.84,N/A,7.97,7.95,8.21,8.21,8.29,8.36,8.35,N/A,8.39
1990-02-14T12:00:00Z,N/A,N/A,N/A,N/A,N/A,N/A,N/A,N/A,N/A,N/A,N/A,N/A,N/A,N/A,7.87,N/A,8.00,8.03,8.27,8.27,8.34,8.36,8.36,N/A,8.41
1990-02-15T12:00:00Z,N/A,N/A,N/A,N/A,N/A,N/A,N/A,N/A,N/A,N/A,N/A,N/A,N/A,N/A,7.97,N/A,8.08,8.11,8.35,8.35,8.40,8.44,8.43,N/A,8.47
1990-02-16T12:00:00Z,N/A,N/A,N/A,N/A,N/A,N/A,N/A,N/A,N/A,N/A,N/A,N/A,N/A,N/A,7.94,N/A,8.07,8.09,8.36,8.34,8.41,8.43,8.42,N/A,8.46
1990-02-20T12:00:00Z,N/A,N/A,N/A,N/A,N/A,N/A,N/A,N/A,N/A,N/A,N/A,N/A,N/A,N/A,8.06,N/A,8.20,8.24,8.52,8.52,8.58,8.63,8.62,N/A,8.66
1990-02-21T12:00:00Z,N/A,N/A,N/A,N/A,N/A,N/A,N/A,N/A,N/A,N/A,N/A,N/A,N/A,N/A,8.01,N/A,8.19,8.22,8.50,8.52,8.60,8.63,8.62,N/A,8.66
1990-02-22T12:00:00Z,N/A,N/A,N/A,N/A,N/A,N/A,N/A,N/A,N/A,N/A,N/A,N/A,N/A,N/A,7.99,N/A,8.15,8.17,8.45,8.48,8.48,8.57,8.54,N/A,8.56
1990-02-23T12:00:00Z,N/A,N/A,N/A,N/A,N/A,N/A,N/A,N/A,N/A,N/A,N/A,N/A,N/A,N/A,7.93,N/A,8.09,8.11,8.43,8.45,8.47,8.56,8.53,N/A,8.56
1990-02-26T12:00:00Z,N/A,N/A,N/A,N/A,N/A,N/A,N/A,N/A,N/A,N/A,N/A,N/A,N/A,N/A,7.97,N/A,8.09,8.10,8.38,8.40,8.40,8.49,8.46,N/A,8.49
1990-02-27T12:00:00Z,N/A,N/A,N/A,N/A,N/A,N/A,N/A,N/A,N/A,N/A,N/A,N/A,N/A,N/A,7.99,N/A,8.10,8.06,8.34,8.34,8.34,8.43,8.41,N/A,8.45
1990-02-28T12:00:00Z,N/A,N/A,N/A,N/A,N/A,N/A,N/A,N/A,N/A,N/A,N/A,N/A,N/A,N/A,8.04,N/A,8.14,8.12,8.43,8.45,8.44,8.54,8.51,N/A,8.54
1990-03-01T12:00:00Z,N/A,N/A,N/A,N/A,N/A,N/A,N/A,N/A,N/A,N/A,N/A,N/A,N/A,N/A,8.08,N/A,8.19,8.21,8.53,8.53,8.53,8.62,8.59,N/A,8.61
1990-03-02T12:00:00Z,N/A,N/A,N/A,N/A,N/A,N/A,N/A,N/A,N/A,N/A,N/A,N/A,N/A,N/A,8.02,N/A,8.17,8.22,8.48,8.50,8.50,8.57,8.54,N/A,8.55
1990-03-05T12:00:00Z,N/A,N/A,N/A,N/A,N/A,N/A,N/A,N/A,N/A,N/A,N/A,N/A,N/A,N/A,8.09,N/A,8.27,8.31,8.55,8.59,8.58,8.69,8.65,N/A,8.66
1990-03-06T12:00:00Z,N/A,N/A,N/A,N/A,N/A,N/A,N/A,N/A,N/A,N/A,N/A,N/A,N/A,N/A,8.17,N/A,8.24,8.31,8.54,8.56,8.57,8.64,8.59,N/A,8.59
1990-03-07T12:00:00Z,N/A,N/A,N/A,N/A,N/A,N/A,N/A,N/A,N/A,N/A,N/A,N/A,N/A,N/A,8.18,N/A,8.22,8.29,8.54,8.55,8.56,8.63,8.58,N/A,8.58
1990-03-08T12:00:00Z,N/A,N/A,N/A,N/A,N/A,N/A,N/A,N/A,N/A,N/A,N/A,N/A,N/A,N/A,8.18,N/A,8.24,8.35,8.59,8.58,8.57,8.62,8.57,N/A,8.56
1990-03-09T12:00:00Z,N/A,N/A,N/A,N/A,N/A,N/A,N/A,N/A,N/A,N/A,N/A,N/A,N/A,N/A,8.26,N/A,8.33,8.46,8.73,8.71,8.68,8.71,8.65,N/A,8.63
1990-03-12T12:00:00Z,N/A,N/A,N/A,N/A,N/A,N/A,N/A,N/A,N/A,N/A,N/A,N/A,N/A,N/A,8.26,N/A,8.33,8.44,8.71,8.70,8.67,8.70,8.63,N/A,8.62
1990-03-13T12:00:00Z,N/A,N/A,N/A,N/A,N/A,N/A,N/A,N/A,N/A,N/A,N/A,N/A,N/A,N/A,8.26,N/A,8.34,8.48,8.77,8.77,8.75,8.78,8.73,N/A,8.72
1990-03-14T12:00:00Z,N/A,N/A,N/A,N/A,N/A,N/A,N/A,N/A,N/A,N/A,N/A,N/A,N/A,N/A,8.23,N/A,8.31,8.41,8.69,8.70,8.67,8.71,8.65,N/A,8.61
1990-03-15T12:00:00Z,N/A,N/A,N/A,N/A,N/A,N/A,N/A,N/A,N/A,N/A,N/A,N/A,N/A,N/A,8.21,N/A,8.32,8.41,8.71,8.70,8.69,8.73,8.66,N/A,8.63
1990-03-16T12:00:00Z,N/A,N/A,N/A,N/A,N/A,N/A,N/A,N/A,N/A,N/A,N/A,N/A,N/A,N/A,8.19,N/A,8.29,8.36,8.64,8.62,8.61,8.64,8.59,N/A,8.55
1990-03-19T12:00:00Z,N/A,N/A,N/A,N/A,N/A,N/A,N/A,N/A,N/A,N/A,N/A,N/A,N/A,N/A,8.22,N/A,8.32,8.38,8.68,8.66,8.65,8.66,8.59,N/A,8.54
1990-03-20T12:00:00Z,N/A,N/A,N/A,N/A,N/A,N/A,N/A,N/A,N/A,N/A,N/A,N/A,N/A,N/A,8.25,N/A,8.35,8.38,8.68,8.65,8.61,8.62,8.54,N/A,8.47
1990-03-21T12:00:00Z,N/A,N/A,N/A,N/A,N/A,N/A,N/A,N/A,N/A,N/A,N/A,N/A,N/A,N/A,8.23,N/A,8.34,8.39,8.69,8.66,8.62,8.63,8.55,N/A,8.47
1990-03-22T12:00:00Z,N/A,N/A,N/A,N/A,N/A,N/A,N/A,N/A,N/A,N/A,N/A,N/A,N/A,N/A,8.17,N/A,8.27,8.32,8.62,8.60,8.56,8.61,8.53,N/A,8.49
1990-03-23T12:00:00Z,N/A,N/A,N/A,N/A,N/A,N/A,N/A,N/A,N/A,N/A,N/A,N/A,N/A,N/A,8.15,N/A,8.26,8.29,8.61,8.59,8.54,8.59,8.52,N/A,8.48
1990-03-26T12:00:00Z,N/A,N/A,N/A,N/A,N/A,N/A,N/A,N/A,N/A,N/A,N/A,N/A,N/A,N/A,8.13,N/A,8.28,8.30,8.61,8.59,8.52,8.58,8.51,N/A,8.47
1990-03-27T12:00:00Z,N/A,N/A,N/A,N/A,N/A,N/A,N/A,N/A,N/A,N/A,N/A,N/A,N/A,N/A,8.17,N/A,8.30,8.35,8.59,8.60,8.55,8.59,8.52,N/A,8.48
1990-03-28T12:00:00Z,N/A,N/A,N/A,N/A,N/A,N/A,N/A,N/A,N/A,N/A,N/A,N/A,N/A,N/A,8.12,N/A,8.27,8.33,8.57,8.60,8.53,8.58,8.51,N/A,8.47
1990-03-29T12:00:00Z,N/A,N/A,N/A,N/A,N/A,N/A,N/A,N/A,N/A,N/A,N/A,N/A,N/A,N/A,8.10,N/A,8.28,8.36,8.62,8.65,8.60,8.66,8.60,N/A,8.58
1990-03-30T12:00:00Z,N/A,N/A,N/A,N/A,N/A,N/A,N/A,N/A,N/A,N/A,N/A,N/A,N/A,N/A,8.07,N/A,8.24,8.35,8.64,8.69,8.65,8.70,8.65,N/A,8.63
1990-04-02T12:00:00Z,N/A,N/A,N/A,N/A,N/A,N/A,N/A,N/A,N/A,N/A,N/A,N/A,N/A,N/A,8.05,N/A,8.23,8.34,8.62,8.67,8.65,8.69,8.65,N/A,8.63
1990-04-03T12:00:00Z,N/A,N/A,N/A,N/A,N/A,N/A,N/A,N/A,N/A,N/A,N/A,N/A,N/A,N/A,8.09,N/A,8.25,8.32,8.61,8.65,8.64,8.69,8.63,N/A,8.61
1990-04-04T12:00:00Z,N/A,N/A,N/A,N/A,N/A,N/A,N/A,N/A,N/A,N/A,N/A,N/A,N/A,N/A,8.01,N/A,8.17,8.27,8.54,8.59,8.56,8.62,8.55,N/A,8.52
1990-04-05T12:00:00Z,N/A,N/A,N/A,N/A,N/A,N/A,N/A,N/A,N/A,N/A,N/A,N/A,N/A,N/A,8.02,N/A,8.18,8.28,8.54,8.60,8.57,8.63,8.57,N/A,8.52
1990-04-06T12:00:00Z,N/A,N/A,N/A,N/A,N/A,N/A,N/A,N/A,N/A,N/A,N/A,N/A,N/A,N/A,8.02,N/A,8.16,8.26,8.52,8.58,8.55,8.61,8.56,N/A,8.52
1990-04-09T12:00:00Z,N/A,N/A,N/A,N/A,N/A,N/A,N/A,N/A,N/A,N/A,N/A,N/A,N/A,N/A,8.09,N/A,8.23,8.29,8.54,8.60,8.58,8.65,8.59,N/A,8.55
1990-04-10T12:00:00Z,N/A,N/A,N/A,N/A,N/A,N/A,N/A,N/A,N/A,N/A,N/A,N/A,N/A,N/A,8.05,N/A,8.21,8.29,8.54,8.59,8.58,8.65,8.60,N/A,8.57
1990-04-11T12:00:00Z,N/A,N/A,N/A,N/A,N/A,N/A,N/A,N/A,N/A,N/A,N/A,N/A,N/A,N/A,8.03,N/A,8.20,8.28,8.56,8.62,8.60,8.63,8.63,N/A,8.58
1990-04-12T12:00:00Z,N/A,N/A,N/A,N/A,N/A,N/A,N/A,N/A,N/A,N/A,N/A,N/A,N/A,N/A,8.02,N/A,8.20,8.29,8.57,8.63,8.62,8.65,8.64,N/A,8.60
1990-04-16T12:00:00Z,N/A,N/A,N/A,N/A,N/A,N/A,N/A,N/A,N/A,N/A,N/A,N/A,N/A,N/A,8.01,N/A,8.18,8.29,8.61,8.66,8.65,8.69,8.68,N/A,8.64
1990-04-17T12:00:00Z,N/A,N/A,N/A,N/A,N/A,N/A,N/A,N/A,N/A,N/A,N/A,N/A,N/A,N/A,8.03,N/A,8.23,8.38,8.70,8.75,8.73,8.78,8.77,N/A,8.74
1990-04-18T12:00:00Z,N/A,N/A,N/A,N/A,N/A,N/A,N/A,N/A,N/A,N/A,N/A,N/A,N/A,N/A,8.08,N/A,8.30,8.49,8.79,8.84,8.84,8.88,8.86,N/A,8.85
1990-04-19T12:00:00Z,N/A,N/A,N/A,N/A,N/A,N/A,N/A,N/A,N/A,N/A,N/A,N/A,N/A,N/A,8.06,N/A,8.28,8.46,8.81,8.86,8.84,8.88,8.87,N/A,8.86
1990-04-20T12:00:00Z,N/A,N/A,N/A,N/A,N/A,N/A,N/A,N/A,N/A,N/A,N/A,N/A,N/A,N/A,7.95,N/A,8.24,8.44,8.82,8.88,8.88,8.95,8.95,N/A,8.93
1990-04-23T12:00:00Z,N/A,N/A,N/A,N/A,N/A,N/A,N/A,N/A,N/A,N/A,N/A,N/A,N/A,N/A,8.00,N/A,8.31,8.50,8.87,8.91,8.92,8.97,8.98,N/A,8.96
1990-04-24T12:00:00Z,N/A,N/A,N/A,N/A,N/A,N/A,N/A,N/A,N/A,N/A,N/A,N/A,N/A,N/A,8.03,N/A,8.36,8.55,8.92,8.98,8.96,9.01,9.00,N/A,8.98
1990-04-25T12:00:00Z,N/A,N/A,N/A,N/A,N/A,N/A,N/A,N/A,N/A,N/A,N/A,N/A,N/A,N/A,8.06,N/A,8.40,8.57,8.95,9.01,9.00,9.03,9.01,N/A,8.98
1990-04-26T12:00:00Z,N/A,N/A,N/A,N/A,N/A,N/A,N/A,N/A,N/A,N/A,N/A,N/A,N/A,N/A,8.09,N/A,8.45,8.64,9.03,9.11,9.09,9.10,9.07,N/A,9.04
1990-04-27T12:00:00Z,N/A,N/A,N/A,N/A,N/A,N/A,N/A,N/A,N/A,N/A,N/A,N/A,N/A,N/A,8.05,N/A,8.38,8.57,8.98,9.07,9.06,9.09,9.06,N/A,9.04
1990-04-30T12:00:00Z,N/A,N/A,N/A,N/A,N/A,N/A,N/A,N/A,N/A,N/A,N/A,N/A,N/A,N/A,8.07,N/A,8.44,8.58,8.96,9.05,9.04,9.06,9.04,N/A,9.00
1990-05-01T12:00:00Z,N/A,N/A,N/A,N/A,N/A,N/A,N/A,N/A,N/A,N/A,N/A,N/A,N/A,N/A,8.19,N/A,8.49,8.56,9.02,9.09,9.08,9.09,9.08,N/A,9.04
1990-05-02T12:00:00Z,N/A,N/A,N/A,N/A,N/A,N/A,N/A,N/A,N/A,N/A,N/A,N/A,N/A,N/A,8.17,N/A,8.49,8.63,9.05,9.11,9.10,9.12,9.09,N/A,9.05
1990-05-03T12:00:00Z,N/A,N/A,N/A,N/A,N/A,N/A,N/A,N/A,N/A,N/A,N/A,N/A,N/A,N/A,8.15,N/A,8.45,8.62,8.98,9.05,9.04,9.05,9.04,N/A,8.99
1990-05-04T12:00:00Z,N/A,N/A,N/A,N/A,N/A,N/A,N/A,N/A,N/A,N/A,N/A,N/A,N/A,N/A,8.02,N/A,8.25,8.43,8.70,8.77,8.80,8.83,8.84,N/A,8.83
1990-05-07T12:00:00Z,N/A,N/A,N/A,N/A,N/A,N/A,N/A,N/A,N/A,N/A,N/A,N/A,N/A,N/A,8.09,N/A,8.26,8.44,8.74,8.82,8.83,8.86,8.87,N/A,8.85
1990-05-08T12:00:00Z,N/A,N/A,N/A,N/A,N/A,N/A,N/A,N/A,N/A,N/A,N/A,N/A,N/A,N/A,8.06,N/A,8.22,8.40,8.68,8.73,8.79,8.83,8.84,N/A,8.81
1990-05-09T12:00:00Z,N/A,N/A,N/A,N/A,N/A,N/A,N/A,N/A,N/A,N/A,N/A,N/A,N/A,N/A,8.01,N/A,8.20,8.40,8.75,8.79,8.87,8.92,8.88,N/A,8.90
1990-05-10T12:00:00Z,N/A,N/A,N/A,N/A,N/A,N/A,N/A,N/A,N/A,N/A,N/A,N/A,N/A,N/A,7.97,N/A,8.15,8.33,8.69,8.73,8.80,8.86,8.82,N/A,8.81
1990-05-11T12:00:00Z,N/A,N/A,N/A,N/A,N/A,N/A,N/A,N/A,N/A,N/A,N/A,N/A,N/A,N/A,7.88,N/A,8.04,8.21,8.55,8.58,8.64,8.68,8.64,N/A,8.64
1990-05-14T12:00:00Z,N/A,N/A,N/A,N/A,N/A,N/A,N/A,N/A,N/A,N/A,N/A,N/A,N/A,N/A,7.89,N/A,8.06,8.20,8.51,8.54,8.60,8.64,8.61,N/A,8.58
1990-05-15T12:00:00Z,N/A,N/A,N/A,N/A,N/A,N/A,N/A,N/A,N/A,N/A,N/A,N/A,N/A,N/A,7.91,N/A,8.09,8.23,8.54,8.58,8.64,8.68,8.65,N/A,8.62
1990-05-16T12:00:00Z,N/A,N/A,N/A,N/A,N/A,N/A,N/A,N/A,N/A,N/A,N/A,N/A,N/A,N/A,7.93,N/A,8.09,8.23,8.54,8.59,8.66,8.71,8.68,N/A,8.64
1990-05-17T12:00:00Z,N/A,N/A,N/A,N/A,N/A,N/A,N/A,N/A,N/A,N/A,N/A,N/A,N/A,N/A,7.93,N/A,8.10,8.24,8.56,8.60,8.69,8.73,8.69,N/A,8.65
1990-05-18T12:00:00Z,N/A,N/A,N/A,N/A,N/A,N/A,N/A,N/A,N/A,N/A,N/A,N/A,N/A,N/A,8.01,N/A,8.16,8.31,8.63,8.69,8.74,8.79,8.75,N/A,8.70
1990-05-21T12:00:00Z,N/A,N/A,N/A,N/A,N/A,N/A,N/A,N/A,N/A,N/A,N/A,N/A,N/A,N/A,8.02,N/A,8.18,8.30,8.61,8.66,8.74,8.77,8.74,N/A,8.69
1990-05-22T12:00:00Z,N/A,N/A,N/A,N/A,N/A,N/A,N/A,N/A,N/A,N/A,N/A,N/A,N/A,N/A,7.99,N/A,8.18,8.22,8.54,8.58,8.66,8.69,8.65,N/A,8.61
1990-05-23T12:00:00Z,N/A,N/A,N/A,N/A,N/A,N/A,N/A,N/A,N/A,N/A,N/A,N/A,N/A,N/A,7.91,N/A,8.11,8.17,8.51,8.55,8.61,8.65,8.61,N/A,8.59
1990-05-24T12:00:00Z,N/A,N/A,N/A,N/A,N/A,N/A,N/A,N/A,N/A,N/A,N/A,N/A,N/A,N/A,7.95,N/A,8.12,8.16,8.50,8.54,8.58,8.66,8.63,N/A,8.60
1990-05-25T12:00:00Z,N/A,N/A,N/A,N/A,N/A,N/A,N/A,N/A,N/A,N/A,N/A,N/A,N/A,N/A,8.01,N/A,8.18,8.23,8.53,8.59,8.61,8.71,8.69,N/A,8.67
1990-05-29T12:00:00Z,N/A,N/A,N/A,N/A,N/A,N/A,N/A,N/A,N/A,N/A,N/A,N/A,N/A,N/A,8.02,N/A,8.17,8.23,8.52,8.57,8.59,8.68,8.66,N/A,8.64
1990-05-30T12:00:00Z,N/A,N/A,N/A,N/A,N/A,N/A,N/A,N/A,N/A,N/A,N/A,N/A,N/A,N/A,8.03,N/A,8.09,8.20,8.48,8.54,8.56,8.65,8.62,N/A,8.60
1990-05-31T12:00:00Z,N/A,N/A,N/A,N/A,N/A,N/A,N/A,N/A,N/A,N/A,N/A,N/A,N/A,N/A,8.01,N/A,8.12,8.22,8.50,8.53,8.56,8.64,8.60,N/A,8.58
1990-06-01T12:00:00Z,N/A,N/A,N/A,N/A,N/A,N/A,N/A,N/A,N/A,N/A,N/A,N/A,N/A,N/A,7.94,N/A,8.01,8.06,8.33,8.36,8.38,8.47,8.44,N/A,8.43
1990-06-04T12:00:00Z,N/A,N/A,N/A,N/A,N/A,N/A,N/A,N/A,N/A,N/A,N/A,N/A,N/A,N/A,7.96,N/A,8.03,8.07,8.31,8.36,8.39,8.47,8.44,N/A,8.43
1990-06-05T12:00:00Z,N/A,N/A,N/A,N/A,N/A,N/A,N/A,N/A,N/A,N/A,N/A,N/A,N/A,N/A,7.96,N/A,8.03,8.09,8.34,8.38,8.42,8.51,8.47,N/A,8.46
1990-06-06T12:00:00Z,N/A,N/A,N/A,N/A,N/A,N/A,N/A,N/A,N/A,N/A,N/A,N/A,N/A,N/A,7.96,N/A,8.02,8.09,8.34,8.40,8.43,8.51,8.46,N/A,8.44
1990-06-07T12:00:00Z,N/A,N/A,N/A,N/A,N/A,N/A,N/A,N/A,N/A,N/A,N/A,N/A,N/A,N/A,7.96,N/A,8.01,8.07,8.34,8.38,8.41,8.49,8.46,N/A,8.43
1990-06-08T12:00:00Z,N/A,N/A,N/A,N/A,N/A,N/A,N/A,N/A,N/A,N/A,N/A,N/A,N/A,N/A,7.96,N/A,8.03,8.07,8.33,8.38,8.42,8.51,8.46,N/A,8.44
1990-06-11T12:00:00Z,N/A,N/A,N/A,N/A,N/A,N/A,N/A,N/A,N/A,N/A,N/A,N/A,N/A,N/A,7.99,N/A,8.07,8.09,8.36,8.41,8.43,8.52,8.48,N/A,8.45
1990-06-12T12:00:00Z,N/A,N/A,N/A,N/A,N/A,N/A,N/A,N/A,N/A,N/A,N/A,N/A,N/A,N/A,7.99,N/A,8.05,8.09,8.36,8.42,8.44,8.52,8.48,N/A,8.45
1990-06-13T12:00:00Z,N/A,N/A,N/A,N/A,N/A,N/A,N/A,N/A,N/A,N/A,N/A,N/A,N/A,N/A,7.93,N/A,7.99,8.02,8.27,8.32,8.35,8.44,8.40,N/A,8.39
1990-06-14T12:00:00Z,N/A,N/A,N/A,N/A,N/A,N/A,N/A,N/A,N/A,N/A,N/A,N/A,N/A,N/A,7.92,N/A,7.98,8.00,8.24,8.29,8.32,8.41,8.38,N/A,8.36
1990-06-15T12:00:00Z,N/A,N/A,N/A,N/A,N/A,N/A,N/A,N/A,N/A,N/A,N/A,N/A,N/A,N/A,7.95,N/A,8.04,8.05,8.33,8.37,8.41,8.49,8.46,N/A,8.43
1990-06-18T12:00:00Z,N/A,N/A,N/A,N/A,N/A,N/A,N/A,N/A,N/A,N/A,N/A,N/A,N/A,N/A,7.93,N/A,8.06,8.11,8.39,8.42,8.45,8.53,8.50,N/A,8.47
1990-06-19T12:00:00Z,N/A,N/A,N/A,N/A,N/A,N/A,N/A,N/A,N/A,N/A,N/A,N/A,N/A,N/A,8.00,N/A,8.07,8.15,8.41,8.45,8.47,8.55,8.51,N/A,8.48
1990-06-20T12:00:00Z,N/A,N/A,N/A,N/A,N/A,N/A,N/A,N/A,N/A,N/A,N/A,N/A,N/A,N/A,8.03,N/A,8.07,8.16,8.43,8.46,8.51,8.59,8.55,N/A,8.52
1990-06-21T12:00:00Z,N/A,N/A,N/A,N/A,N/A,N/A,N/A,N/A,N/A,N/A,N/A,N/A,N/A,N/A,8.03,N/A,8.08,8.14,8.41,8.44,8.48,8.57,8.52,N/A,8.50
1990-06-22T12:00:00Z,N/A,N/A,N/A,N/A,N/A,N/A,N/A,N/A,N/A,N/A,N/A,N/A,N/A,N/A,8.04,N/A,8.05,8.12,8.40,8.43,8.46,8.55,8.51,N/A,8.49
1990-06-25T12:00:00Z,N/A,N/A,N/A,N/A,N/A,N/A,N/A,N/A,N/A,N/A,N/A,N/A,N/A,N/A,8.05,N/A,8.09,8.19,8.45,8.48,8.53,8.62,8.58,N/A,8.56
1990-06-26T12:00:00Z,N/A,N/A,N/A,N/A,N/A,N/A,N/A,N/A,N/A,N/A,N/A,N/A,N/A,N/A,8.07,N/A,8.12,8.19,8.41,8.49,8.51,8.59,8.56,N/A,8.53
1990-06-27T12:00:00Z,N/A,N/A,N/A,N/A,N/A,N/A,N/A,N/A,N/A,N/A,N/A,N/A,N/A,N/A,8.05,N/A,8.10,8.14,8.37,8.43,8.47,8.56,8.52,N/A,8.49
1990-06-28T12:00:00Z,N/A,N/A,N/A,N/A,N/A,N/A,N/A,N/A,N/A,N/A,N/A,N/A,N/A,N/A,8.00,N/A,8.03,8.07,8.31,8.37,8.41,8.51,8.47,N/A,8.45
1990-06-29T12:00:00Z,N/A,N/A,N/A,N/A,N/A,N/A,N/A,N/A,N/A,N/A,N/A,N/A,N/A,N/A,8.00,N/A,8.02,8.05,8.24,8.32,8.35,8.46,8.43,N/A,8.41
1990-07-02T12:00:00Z,N/A,N/A,N/A,N/A,N/A,N/A,N/A,N/A,N/A,N/A,N/A,N/A,N/A,N/A,8.00,N/A,8.03,8.06,8.25,8.32,8.35,8.46,8.43,N/A,8.41
1990-07-03T12:00:00Z,N/A,N/A,N/A,N/A,N/A,N/A,N/A,N/A,N/A,N/A,N/A,N/A,N/A,N/A,7.96,N/A,8.00,8.01,8.20,8.28,8.32,8.44,8.40,N/A,8.40
1990-07-05T12:00:00Z,N/A,N/A,N/A,N/A,N/A,N/A,N/A,N/A,N/A,N/A,N/A,N/A,N/A,N/A,7.92,N/A,7.98,8.02,8.22,8.31,8.34,8.45,8.42,N/A,8.42
1990-07-06T12:00:00Z,N/A,N/A,N/A,N/A,N/A,N/A,N/A,N/A,N/A,N/A,N/A,N/A,N/A,N/A,8.01,N/A,8.08,8.14,8.32,8.41,8.44,8.56,8.51,N/A,8.51
1990-07-09T12:00:00Z,N/A,N/A,N/A,N/A,N/A,N/A,N/A,N/A,N/A,N/A,N/A,N/A,N/A,N/A,8.06,N/A,8.14,8.19,8.39,8.46,8.49,8.60,8.57,N/A,8.55
1990-07-10T12:00:00Z,N/A,N/A,N/A,N/A,N/A,N/A,N/A,N/A,N/A,N/A,N/A,N/A,N/A,N/A,8.07,N/A,8.17,8.21,8.40,8.48,8.50,8.61,8.57,N/A,8.56
1990-07-11T12:00:00Z,N/A,N/A,N/A,N/A,N/A,N/A,N/A,N/A,N/A,N/A,N/A,N/A,N/A,N/A,8.05,N/A,8.15,8.18,8.40,8.46,8.49,8.58,8.57,N/A,8.56
1990-07-12T12:00:00Z,N/A,N/A,N/A,N/A,N/A,N/A,N/A,N/A,N/A,N/A,N/A,N/A,N/A,N/A,7.94,N/A,7.98,7.98,8.20,8.31,8.37,8.49,8.50,N/A,8.50
1990-07-13T12:00:00Z,N/A,N/A,N/A,N/A,N/A,N/A,N/A,N/A,N/A,N/A,N/A,N/A,N/A,N/A,7.85,N/A,7.91,7.89,8.13,8.25,8.32,8.43,8.45,N/A,8.46
1990-07-16T12:00:00Z,N/A,N/A,N/A,N/A,N/A,N/A,N/A,N/A,N/A,N/A,N/A,N/A,N/A,N/A,7.86,N/A,7.91,7.89,8.15,8.26,8.31,8.43,8.44,N/A,8.46
1990-07-17T12:00:00Z,N/A,N/A,N/A,N/A,N/A,N/A,N/A,N/A,N/A,N/A,N/A,N/A,N/A,N/A,7.87,N/A,7.91,7.88,8.13,8.23,8.30,8.42,8.44,N/A,8.46
1990-07-18T12:00:00Z,N/A,N/A,N/A,N/A,N/A,N/A,N/A,N/A,N/A,N/A,N/A,N/A,N/A,N/A,7.80,N/A,7.88,7.87,8.13,8.24,8.34,8.47,8.50,N/A,8.55
1990-07-19T12:00:00Z,N/A,N/A,N/A,N/A,N/A,N/A,N/A,N/A,N/A,N/A,N/A,N/A,N/A,N/A,7.79,N/A,7.85,7.87,8.13,8.23,8.33,8.47,8.51,N/A,8.56
1990-07-20T12:00:00Z,N/A,N/A,N/A,N/A,N/A,N/A,N/A,N/A,N/A,N/A,N/A,N/A,N/A,N/A,7.79,N/A,7.84,7.84,8.08,8.18,8.28,8.43,8.48,N/A,8.54
1990-07-23T12:00:00Z,N/A,N/A,N/A,N/A,N/A,N/A,N/A,N/A,N/A,N/A,N/A,N/A,N/A,N/A,7.73,N/A,7.78,7.81,8.05,8.17,8.28,8.43,8.48,N/A,8.54
1990-07-24T12:00:00Z,N/A,N/A,N/A,N/A,N/A,N/A,N/A,N/A,N/A,N/A,N/A,N/A,N/A,N/A,7.78,N/A,7.82,7.88,8.12,8.25,8.35,8.48,8.53,N/A,8.59
1990-07-25T12:00:00Z,N/A,N/A,N/A,N/A,N/A,N/A,N/A,N/A,N/A,N/A,N/A,N/A,N/A,N/A,7.81,N/A,7.85,7.87,8.08,8.24,8.31,8.44,8.49,N/A,8.55
1990-07-26T12:00:00Z,N/A,N/A,N/A,N/A,N/A,N/A,N/A,N/A,N/A,N/A,N/A,N/A,N/A,N/A,7.83,N/A,7.86,7.90,8.08,8.24,8.31,8.45,8.49,N/A,8.54
1990-07-27T12:00:00Z,N/A,N/A,N/A,N/A,N/A,N/A,N/A,N/A,N/A,N/A,N/A,N/A,N/A,N/A,7.77,N/A,7.79,7.80,8.00,8.15,8.25,8.36,8.42,N/A,8.48
1990-07-30T12:00:00Z,N/A,N/A,N/A,N/A,N/A,N/A,N/A,N/A,N/A,N/A,N/A,N/A,N/A,N/A,7.74,N/A,7.74,7.75,7.93,8.05,8.14,8.28,8.34,N/A,8.40
1990-07-31T12:00:00Z,N/A,N/A,N/A,N/A,N/A,N/A,N/A,N/A,N/A,N/A,N/A,N/A,N/A,N/A,7.74,N/A,7.72,7.72,7.91,8.04,8.13,8.28,8.36,N/A,8.42
1990-08-01T12:00:00Z,N/A,N/A,N/A,N/A,N/A,N/A,N/A,N/A,N/A,N/A,N/A,N/A,N/A,N/A,7.67,N/A,7.65,7.63,7.85,7.96,8.06,8.20,8.29,N/A,8.36
1990-08-02T12:00:00Z,N/A,N/A,N/A,N/A,N/A,N/A,N/A,N/A,N/A,N/A,N/A,N/A,N/A,N/A,7.68,N/A,7.67,7.70,7.90,8.03,8.15,8.30,8.41,N/A,8.46
1990-08-03T12:00:00Z,N/A,N/A,N/A,N/A,N/A,N/A,N/A,N/A,N/A,N/A,N/A,N/A,N/A,N/A,7.52,N/A,7.55,7.56,7.79,7.98,8.11,8.32,8.43,N/A,8.55
1990-08-06T12:00:00Z,N/A,N/A,N/A,N/A,N/A,N/A,N/A,N/A,N/A,N/A,N/A,N/A,N/A,N/A,7.54,N/A,7.59,7.63,7.90,8.11,8.29,8.55,8.71,N/A,8.82
1990-08-07T12:00:00Z,N/A,N/A,N/A,N/A,N/A,N/A,N/A,N/A,N/A,N/A,N/A,N/A,N/A,N/A,7.61,N/A,7.73,7.75,8.04,8.19,8.41,8.65,8.78,N/A,8.86
1990-08-08T12:00:00Z,N/A,N/A,N/A,N/A,N/A,N/A,N/A,N/A,N/A,N/A,N/A,N/A,N/A,N/A,7.62,N/A,7.69,7.73,8.02,8.19,8.43,8.65,8.77,N/A,8.87
1990-08-09T12:00:00Z,N/A,N/A,N/A,N/A,N/A,N/A,N/A,N/A,N/A,N/A,N/A,N/A,N/A,N/A,7.66,N/A,7.69,7.72,7.99,8.13,8.33,8.55,8.66,N/A,8.75
1990-08-10T12:00:00Z,N/A,N/A,N/A,N/A,N/A,N/A,N/A,N/A,N/A,N/A,N/A,N/A,N/A,N/A,7.64,N/A,7.68,7.67,7.95,8.12,8.35,8.58,8.68,N/A,8.79
1990-08-13T12:00:00Z,N/A,N/A,N/A,N/A,N/A,N/A,N/A,N/A,N/A,N/A,N/A,N/A,N/A,N/A,7.66,N/A,7.70,7.65,7.94,8.08,8.36,8.59,8.71,N/A,8.83
1990-08-14T12:00:00Z,N/A,N/A,N/A,N/A,N/A,N/A,N/A,N/A,N/A,N/A,N/A,N/A,N/A,N/A,7.68,N/A,7.72,7.69,7.94,8.08,8.34,8.55,8.66,N/A,8.78
1990-08-15T12:00:00Z,N/A,N/A,N/A,N/A,N/A,N/A,N/A,N/A,N/A,N/A,N/A,N/A,N/A,N/A,7.70,N/A,7.73,7.68,7.94,8.08,8.33,8.54,8.64,N/A,8.76
1990-08-16T12:00:00Z,N/A,N/A,N/A,N/A,N/A,N/A,N/A,N/A,N/A,N/A,N/A,N/A,N/A,N/A,7.73,N/A,7.83,7.81,8.09,8.23,8.45,8.65,8.76,N/A,8.91
1990-08-17T12:00:00Z,N/A,N/A,N/A,N/A,N/A,N/A,N/A,N/A,N/A,N/A,N/A,N/A,N/A,N/A,7.72,N/A,7.82,7.80,8.11,8.27,8.49,8.68,8.80,N/A,8.94
1990-08-20T12:00:00Z,N/A,N/A,N/A,N/A,N/A,N/A,N/A,N/A,N/A,N/A,N/A,N/A,N/A,N/A,7.77,N/A,7.85,7.84,8.13,8.28,8.50,8.70,8.81,N/A,8.92
1990-08-21T12:00:00Z,N/A,N/A,N/A,N/A,N/A,N/A,N/A,N/A,N/A,N/A,N/A,N/A,N/A,N/A,7.83,N/A,7.88,7.90,8.19,8.32,8.56,8.74,8.84,N/A,8.94
1990-08-22T12:00:00Z,N/A,N/A,N/A,N/A,N/A,N/A,N/A,N/A,N/A,N/A,N/A,N/A,N/A,N/A,7.85,N/A,7.91,7.94,8.26,8.38,8.62,8.80,8.91,N/A,9.03
1990-08-23T12:00:00Z,N/A,N/A,N/A,N/A,N/A,N/A,N/A,N/A,N/A,N/A,N/A,N/A,N/A,N/A,7.79,N/A,7.91,7.99,8.26,8.44,8.69,8.88,9.00,N/A,9.11
1990-08-24T12:00:00Z,N/A,N/A,N/A,N/A,N/A,N/A,N/A,N/A,N/A,N/A,N/A,N/A,N/A,N/A,7.74,N/A,7.88,7.96,8.32,8.50,8.75,8.94,9.05,N/A,9.17
1990-08-27T12:00:00Z,N/A,N/A,N/A,N/A,N/A,N/A,N/A,N/A,N/A,N/A,N/A,N/A,N/A,N/A,7.78,N/A,7.89,7.89,8.21,8.34,8.61,8.80,8.90,N/A,9.02
1990-08-28T12:00:00Z,N/A,N/A,N/A,N/A,N/A,N/A,N/A,N/A,N/A,N/A,N/A,N/A,N/A,N/A,7.73,N/A,7.87,7.94,8.23,8.42,8.67,8.85,8.94,N/A,9.07
1990-08-29T12:00:00Z,N/A,N/A,N/A,N/A,N/A,N/A,N/A,N/A,N/A,N/A,N/A,N/A,N/A,N/A,7.72,N/A,7.84,7.85,8.16,8.33,8.52,8.75,8.84,N/A,8.95
1990-08-30T12:00:00Z,N/A,N/A,N/A,N/A,N/A,N/A,N/A,N/A,N/A,N/A,N/A,N/A,N/A,N/A,7.70,N/A,7.80,7.83,8.12,8.31,8.52,8.77,8.86,N/A,8.98
1990-08-31T12:00:00Z,N/A,N/A,N/A,N/A,N/A,N/A,N/A,N/A,N/A,N/A,N/A,N/A,N/A,N/A,7.63,N/A,7.74,7.76,8.07,8.26,8.50,8.77,8.86,N/A,8.99
1990-09-04T12:00:00Z,N/A,N/A,N/A,N/A,N/A,N/A,N/A,N/A,N/A,N/A,N/A,N/A,N/A,N/A,7.64,N/A,7.75,7.76,8.09,8.28,8.53,8.80,8.90,N/A,9.03
1990-09-05T12:00:00Z,N/A,N/A,N/A,N/A,N/A,N/A,N/A,N/A,N/A,N/A,N/A,N/A,N/A,N/A,7.61,N/A,7.71,7.74,8.04,8.23,8.47,8.75,8.86,N/A,8.98
1990-09-06T12:00:00Z,N/A,N/A,N/A,N/A,N/A,N/A,N/A,N/A,N/A,N/A,N/A,N/A,N/A,N/A,7.62,N/A,7.71,7.74,8.06,8.24,8.47,8.75,8.84,N/A,8.96
1990-09-07T12:00:00Z,N/A,N/A,N/A,N/A,N/A,N/A,N/A,N/A,N/A,N/A,N/A,N/A,N/A,N/A,7.63,N/A,7.73,7.73,8.04,8.22,8.45,8.72,8.81,N/A,8.92
1990-09-10T12:00:00Z,N/A,N/A,N/A,N/A,N/A,N/A,N/A,N/A,N/A,N/A,N/A,N/A,N/A,N/A,7.68,N/A,7.76,7.79,8.09,8.26,8.50,8.75,8.85,N/A,8.98
1990-09-11T12:00:00Z,N/A,N/A,N/A,N/A,N/A,N/A,N/A,N/A,N/A,N/A,N/A,N/A,N/A,N/A,7.67,N/A,7.76,7.81,8.10,8.27,8.48,8.73,8.83,N/A,8.96
1990-09-12T12:00:00Z,N/A,N/A,N/A,N/A,N/A,N/A,N/A,N/A,N/A,N/A,N/A,N/A,N/A,N/A,7.61,N/A,7.70,7.75,8.05,8.26,8.45,8.72,8.82,N/A,8.96
1990-09-13T12:00:00Z,N/A,N/A,N/A,N/A,N/A,N/A,N/A,N/A,N/A,N/A,N/A,N/A,N/A,N/A,7.59,N/A,7.65,7.70,8.01,8.19,8.44,8.71,8.82,N/A,8.96
1990-09-14T12:00:00Z,N/A,N/A,N/A,N/A,N/A,N/A,N/A,N/A,N/A,N/A,N/A,N/A,N/A,N/A,7.59,N/A,7.63,7.72,8.03,8.23,8.48,8.75,8.87,N/A,9.01
1990-09-17T12:00:00Z,N/A,N/A,N/A,N/A,N/A,N/A,N/A,N/A,N/A,N/A,N/A,N/A,N/A,N/A,7.61,N/A,7.66,7.73,8.05,8.23,8.49,8.78,8.90,N/A,9.06
1990-09-18T12:00:00Z,N/A,N/A,N/A,N/A,N/A,N/A,N/A,N/A,N/A,N/A,N/A,N/A,N/A,N/A,7.61,N/A,7.66,7.73,8.03,8.22,8.48,8.77,8.90,N/A,9.05
1990-09-19T12:00:00Z,N/A,N/A,N/A,N/A,N/A,N/A,N/A,N/A,N/A,N/A,N/A,N/A,N/A,N/A,7.64,N/A,7.69,7.79,8.08,8.24,8.51,8.78,8.88,N/A,9.02
1990-09-20T12:00:00Z,N/A,N/A,N/A,N/A,N/A,N/A,N/A,N/A,N/A,N/A,N/A,N/A,N/A,N/A,7.63,N/A,7.73,7.81,8.10,8.27,8.53,8.80,8.91,N/A,9.05
1990-09-21T12:00:00Z,N/A,N/A,N/A,N/A,N/A,N/A,N/A,N/A,N/A,N/A,N/A,N/A,N/A,N/A,7.60,N/A,7.71,7.77,8.12,8.31,8.58,8.87,8.99,N/A,9.13
1990-09-24T12:00:00Z,N/A,N/A,N/A,N/A,N/A,N/A,N/A,N/A,N/A,N/A,N/A,N/A,N/A,N/A,7.63,N/A,7.75,7.83,8.21,8.38,8.64,8.92,9.04,N/A,9.18
1990-09-25T12:00:00Z,N/A,N/A,N/A,N/A,N/A,N/A,N/A,N/A,N/A,N/A,N/A,N/A,N/A,N/A,7.59,N/A,7.78,7.85,8.18,8.40,8.64,8.91,9.02,N/A,9.15
1990-09-26T12:00:00Z,N/A,N/A,N/A,N/A,N/A,N/A,N/A,N/A,N/A,N/A,N/A,N/A,N/A,N/A,7.57,N/A,7.74,7.84,8.16,8.38,8.63,8.90,9.00,N/A,9.14
1990-09-27T12:00:00Z,N/A,N/A,N/A,N/A,N/A,N/A,N/A,N/A,N/A,N/A,N/A,N/A,N/A,N/A,7.47,N/A,7.61,7.72,8.05,8.28,8.52,8.81,8.91,N/A,9.05
1990-09-28T12:00:00Z,N/A,N/A,N/A,N/A,N/A,N/A,N/A,N/A,N/A,N/A,N/A,N/A,N/A,N/A,7.37,N/A,7.54,7.69,8.02,8.19,8.47,8.73,8.82,N/A,8.96
1990-10-01T12:00:00Z,N/A,N/A,N/A,N/A,N/A,N/A,N/A,N/A,N/A,N/A,N/A,N/A,N/A,N/A,7.37,N/A,7.53,7.63,7.94,8.12,8.38,8.63,8.71,N/A,8.84
1990-10-02T12:00:00Z,N/A,N/A,N/A,N/A,N/A,N/A,N/A,N/A,N/A,N/A,N/A,N/A,N/A,N/A,7.41,N/A,7.55,7.61,7.92,8.10,8.35,8.60,8.69,N/A,8.84
1990-10-03T12:00:00Z,N/A,N/A,N/A,N/A,N/A,N/A,N/A,N/A,N/A,N/A,N/A,N/A,N/A,N/A,7.38,N/A,7.53,7.57,7.88,8.09,8.33,8.60,8.71,N/A,8.85
1990-10-04T12:00:00Z,N/A,N/A,N/A,N/A,N/A,N/A,N/A,N/A,N/A,N/A,N/A,N/A,N/A,N/A,7.36,N/A,7.51,7.56,7.87,8.04,8.30,8.58,8.67,N/A,8.81
1990-10-05T12:00:00Z,N/A,N/A,N/A,N/A,N/A,N/A,N/A,N/A,N/A,N/A,N/A,N/A,N/A,N/A,7.27,N/A,7.44,7.51,7.81,8.00,8.27,8.54,8.65,N/A,8.79
1990-10-09T12:00:00Z,N/A,N/A,N/A,N/A,N/A,N/A,N/A,N/A,N/A,N/A,N/A,N/A,N/A,N/A,7.41,N/A,7.58,7.64,7.94,8.14,8.43,8.72,8.83,N/A,8.98
1990-10-10T12:00:00Z,N/A,N/A,N/A,N/A,N/A,N/A,N/A,N/A,N/A,N/A,N/A,N/A,N/A,N/A,7.44,N/A,7.60,7.64,7.99,8.19,8.49,8.78,8.89,N/A,9.03
1990-10-11T12:00:00Z,N/A,N/A,N/A,N/A,N/A,N/A,N/A,N/A,N/A,N/A,N/A,N/A,N/A,N/A,7.35,N/A,7.51,7.60,7.99,8.22,8.51,8.79,8.92,N/A,9.08
1990-10-12T12:00:00Z,N/A,N/A,N/A,N/A,N/A,N/A,N/A,N/A,N/A,N/A,N/A,N/A,N/A,N/A,7.37,N/A,7.52,7.59,7.94,8.16,8.44,8.70,8.84,N/A,8.98
1990-10-15T12:00:00Z,N/A,N/A,N/A,N/A,N/A,N/A,N/A,N/A,N/A,N/A,N/A,N/A,N/A,N/A,7.40,N/A,7.56,7.58,7.92,8.13,8.39,8.67,8.80,N/A,8.95
1990-10-16T12:00:00Z,N/A,N/A,N/A,N/A,N/A,N/A,N/A,N/A,N/A,N/A,N/A,N/A,N/A,N/A,7.39,N/A,7.58,7.58,7.92,8.13,8.39,8.66,8.79,N/A,8.94
1990-10-17T12:00:00Z,N/A,N/A,N/A,N/A,N/A,N/A,N/A,N/A,N/A,N/A,N/A,N/A,N/A,N/A,7.44,N/A,7.59,7.60,7.92,8.12,8.37,8.63,8.76,N/A,8.89
1990-10-18T12:00:00Z,N/A,N/A,N/A,N/A,N/A,N/A,N/A,N/A,N/A,N/A,N/A,N/A,N/A,N/A,7.49,N/A,7.57,7.59,7.91,8.08,8.32,8.59,8.71,N/A,8.85
1990-10-19T12:00:00Z,N/A,N/A,N/A,N/A,N/A,N/A,N/A,N/A,N/A,N/A,N/A,N/A,N/A,N/A,7.48,N/A,7.56,7.55,7.85,8.02,8.25,8.49,8.62,N/A,8.75
1990-10-22T12:00:00Z,N/A,N/A,N/A,N/A,N/A,N/A,N/A,N/A,N/A,N/A,N/A,N/A,N/A,N/A,7.47,N/A,7.55,7.53,7.85,8.03,8.25,8.50,8.63,N/A,8.76
1990-10-23T12:00:00Z,N/A,N/A,N/A,N/A,N/A,N/A,N/A,N/A,N/A,N/A,N/A,N/A,N/A,N/A,7.45,N/A,7.53,7.52,7.84,8.00,8.25,8.51,8.65,N/A,8.79
1990-10-24T12:00:00Z,N/A,N/A,N/A,N/A,N/A,N/A,N/A,N/A,N/A,N/A,N/A,N/A,N/A,N/A,7.46,N/A,7.53,7.52,7.84,8.00,8.26,8.52,8.66,N/A,8.79
1990-10-25T12:00:00Z,N/A,N/A,N/A,N/A,N/A,N/A,N/A,N/A,N/A,N/A,N/A,N/A,N/A,N/A,7.41,N/A,7.51,7.46,7.80,7.97,8.21,8.47,8.62,N/A,8.74
1990-10-26T12:00:00Z,N/A,N/A,N/A,N/A,N/A,N/A,N/A,N/A,N/A,N/A,N/A,N/A,N/A,N/A,7.36,N/A,7.45,7.46,7.80,7.97,8.23,8.48,8.63,N/A,8.76
1990-10-29T12:00:00Z,N/A,N/A,N/A,N/A,N/A,N/A,N/A,N/A,N/A,N/A,N/A,N/A,N/A,N/A,7.38,N/A,7.48,7.48,7.82,8.01,8.27,8.54,8.70,N/A,8.84
1990-10-30T12:00:00Z,N/A,N/A,N/A,N/A,N/A,N/A,N/A,N/A,N/A,N/A,N/A,N/A,N/A,N/A,7.37,N/A,7.51,7.48,7.79,8.02,8.28,8.56,8.70,N/A,8.83
1990-10-31T12:00:00Z,N/A,N/A,N/A,N/A,N/A,N/A,N/A,N/A,N/A,N/A,N/A,N/A,N/A,N/A,7.34,N/A,7.46,7.43,7.77,7.97,8.24,8.50,8.65,N/A,8.78
1990-11-01T12:00:00Z,N/A,N/A,N/A,N/A,N/A,N/A,N/A,N/A,N/A,N/A,N/A,N/A,N/A,N/A,7.28,N/A,7.38,7.32,7.68,7.88,8.15,8.42,8.57,N/A,8.70
1990-11-02T12:00:00Z,N/A,N/A,N/A,N/A,N/A,N/A,N/A,N/A,N/A,N/A,N/A,N/A,N/A,N/A,7.31,N/A,7.40,7.35,7.68,7.88,8.16,8.42,8.57,N/A,8.70
1990-11-05T12:00:00Z,N/A,N/A,N/A,N/A,N/A,N/A,N/A,N/A,N/A,N/A,N/A,N/A,N/A,N/A,7.31,N/A,7.39,7.33,7.63,7.84,8.10,8.36,8.50,N/A,8.63
1990-11-06T12:00:00Z,N/A,N/A,N/A,N/A,N/A,N/A,N/A,N/A,N/A,N/A,N/A,N/A,N/A,N/A,7.31,N/A,7.42,7.36,7.65,7.80,8.11,8.37,8.52,N/A,8.64
1990-11-07T12:00:00Z,N/A,N/A,N/A,N/A,N/A,N/A,N/A,N/A,N/A,N/A,N/A,N/A,N/A,N/A,7.32,N/A,7.43,7.36,7.67,7.82,8.16,8.44,8.57,N/A,8.71
1990-11-08T12:00:00Z,N/A,N/A,N/A,N/A,N/A,N/A,N/A,N/A,N/A,N/A,N/A,N/A,N/A,N/A,7.32,N/A,7.42,7.35,7.67,7.82,8.18,8.44,8.58,N/A,8.73
1990-11-09T12:00:00Z,N/A,N/A,N/A,N/A,N/A,N/A,N/A,N/A,N/A,N/A,N/A,N/A,N/A,N/A,7.27,N/A,7.39,7.33,7.61,7.75,8.10,8.36,8.49,N/A,8.63
1990-11-13T12:00:00Z,N/A,N/A,N/A,N/A,N/A,N/A,N/A,N/A,N/A,N/A,N/A,N/A,N/A,N/A,7.27,N/A,7.39,7.30,7.60,7.70,8.01,8.26,8.37,N/A,8.52
1990-11-14T12:00:00Z,N/A,N/A,N/A,N/A,N/A,N/A,N/A,N/A,N/A,N/A,N/A,N/A,N/A,N/A,7.30,N/A,7.38,7.31,7.58,7.70,8.01,8.25,8.36,N/A,8.51
1990-11-15T12:00:00Z,N/A,N/A,N/A,N/A,N/A,N/A,N/A,N/A,N/A,N/A,N/A,N/A,N/A,N/A,7.32,N/A,7.40,7.32,7.60,7.71,8.01,8.26,8.37,N/A,8.53
1990-11-16T12:00:00Z,N/A,N/A,N/A,N/A,N/A,N/A,N/A,N/A,N/A,N/A,N/A,N/A,N/A,N/A,7.31,N/A,7.37,7.27,7.58,7.69,7.96,8.20,8.30,N/A,8.46
1990-11-19T12:00:00Z,N/A,N/A,N/A,N/A,N/A,N/A,N/A,N/A,N/A,N/A,N/A,N/A,N/A,N/A,7.33,N/A,7.43,7.33,7.62,7.73,8.01,8.24,8.35,N/A,8.51
1990-11-20T12:00:00Z,N/A,N/A,N/A,N/A,N/A,N/A,N/A,N/A,N/A,N/A,N/A,N/A,N/A,N/A,7.32,N/A,7.42,7.34,7.62,7.72,7.98,8.21,8.31,N/A,8.47
1990-11-21T12:00:00Z,N/A,N/A,N/A,N/A,N/A,N/A,N/A,N/A,N/A,N/A,N/A,N/A,N/A,N/A,7.27,N/A,7.37,7.26,7.55,7.66,7.92,8.16,8.27,N/A,8.44
1990-11-23T12:00:00Z,N/A,N/A,N/A,N/A,N/A,N/A,N/A,N/A,N/A,N/A,N/A,N/A,N/A,N/A,7.25,N/A,7.32,7.23,7.53,7.63,7.92,8.16,8.28,N/A,8.44
1990-11-26T12:00:00Z,N/A,N/A,N/A,N/A,N/A,N/A,N/A,N/A,N/A,N/A,N/A,N/A,N/A,N/A,7.26,N/A,7.33,7.24,7.55,7.65,7.92,8.17,8.27,N/A,8.42
1990-11-27T12:00:00Z,N/A,N/A,N/A,N/A,N/A,N/A,N/A,N/A,N/A,N/A,N/A,N/A,N/A,N/A,7.27,N/A,7.34,7.28,7.50,7.66,7.94,8.18,8.28,N/A,8.44
1990-11-28T12:00:00Z,N/A,N/A,N/A,N/A,N/A,N/A,N/A,N/A,N/A,N/A,N/A,N/A,N/A,N/A,7.29,N/A,7.38,7.34,7.56,7.71,7.94,8.22,8.30,N/A,8.46
1990-11-29T12:00:00Z,N/A,N/A,N/A,N/A,N/A,N/A,N/A,N/A,N/A,N/A,N/A,N/A,N/A,N/A,7.26,N/A,7.38,7.34,7.58,7.72,7.96,8.23,8.32,N/A,8.47
1990-11-30T12:00:00Z,N/A,N/A,N/A,N/A,N/A,N/A,N/A,N/A,N/A,N/A,N/A,N/A,N/A,N/A,7.24,N/A,7.36,7.31,7.53,7.67,7.91,8.18,8.26,N/A,8.40
1990-12-03T12:00:00Z,N/A,N/A,N/A,N/A,N/A,N/A,N/A,N/A,N/A,N/A,N/A,N/A,N/A,N/A,7.28,N/A,7.37,7.31,7.51,7.65,7.88,8.14,8.22,N/A,8.36
1990-12-04T12:00:00Z,N/A,N/A,N/A,N/A,N/A,N/A,N/A,N/A,N/A,N/A,N/A,N/A,N/A,N/A,7.24,N/A,7.23,7.25,7.46,7.58,7.83,8.11,8.20,N/A,8.37
1990-12-05T12:00:00Z,N/A,N/A,N/A,N/A,N/A,N/A,N/A,N/A,N/A,N/A,N/A,N/A,N/A,N/A,7.23,N/A,7.21,7.24,7.46,7.58,7.82,8.09,8.16,N/A,8.32
1990-12-06T12:00:00Z,N/A,N/A,N/A,N/A,N/A,N/A,N/A,N/A,N/A,N/A,N/A,N/A,N/A,N/A,7.22,N/A,7.23,7.27,7.48,7.60,7.82,8.11,8.18,N/A,8.35
1990-12-07T12:00:00Z,N/A,N/A,N/A,N/A,N/A,N/A,N/A,N/A,N/A,N/A,N/A,N/A,N/A,N/A,7.10,N/A,7.08,7.12,7.33,7.45,7.67,7.96,8.03,N/A,8.19
1990-12-10T12:00:00Z,N/A,N/A,N/A,N/A,N/A,N/A,N/A,N/A,N/A,N/A,N/A,N/A,N/A,N/A,7.07,N/A,7.04,7.10,7.28,7.40,7.63,7.91,7.98,N/A,8.14
1990-12-11T12:00:00Z,N/A,N/A,N/A,N/A,N/A,N/A,N/A,N/A,N/A,N/A,N/A,N/A,N/A,N/A,7.06,N/A,7.06,7.07,7.26,7.38,7.60,7.87,7.94,N/A,8.10
1990-12-12T12:00:00Z,N/A,N/A,N/A,N/A,N/A,N/A,N/A,N/A,N/A,N/A,N/A,N/A,N/A,N/A,7.00,N/A,7.00,7.03,7.22,7.33,7.59,7.84,7.91,N/A,8.07
1990-12-13T12:00:00Z,N/A,N/A,N/A,N/A,N/A,N/A,N/A,N/A,N/A,N/A,N/A,N/A,N/A,N/A,7.05,N/A,7.04,7.11,7.31,7.42,7.68,7.91,7.98,N/A,8.14
1990-12-14T12:00:00Z,N/A,N/A,N/A,N/A,N/A,N/A,N/A,N/A,N/A,N/A,N/A,N/A,N/A,N/A,7.06,N/A,7.08,7.09,7.35,7.47,7.74,7.97,8.05,N/A,8.20
1990-12-17T12:00:00Z,N/A,N/A,N/A,N/A,N/A,N/A,N/A,N/A,N/A,N/A,N/A,N/A,N/A,N/A,7.02,N/A,7.07,7.06,7.31,7.45,7.71,7.96,8.02,N/A,8.18
1990-12-18T12:00:00Z,N/A,N/A,N/A,N/A,N/A,N/A,N/A,N/A,N/A,N/A,N/A,N/A,N/A,N/A,6.94,N/A,7.05,7.02,7.28,7.40,7.67,7.93,7.99,N/A,8.15
1990-12-19T12:00:00Z,N/A,N/A,N/A,N/A,N/A,N/A,N/A,N/A,N/A,N/A,N/A,N/A,N/A,N/A,6.83,N/A,6.91,6.89,7.21,7.37,7.64,7.92,8.00,N/A,8.19
1990-12-20T12:00:00Z,N/A,N/A,N/A,N/A,N/A,N/A,N/A,N/A,N/A,N/A,N/A,N/A,N/A,N/A,6.75,N/A,6.87,6.90,7.25,7.41,7.67,7.96,8.05,N/A,8.22
1990-12-21T12:00:00Z,N/A,N/A,N/A,N/A,N/A,N/A,N/A,N/A,N/A,N/A,N/A,N/A,N/A,N/A,6.79,N/A,6.94,6.95,7.30,7.46,7.75,8.03,8.11,N/A,8.28
1990-12-24T12:00:00Z,N/A,N/A,N/A,N/A,N/A,N/A,N/A,N/A,N/A,N/A,N/A,N/A,N/A,N/A,6.73,N/A,6.95,6.99,7.35,7.53,7.84,8.12,8.20,N/A,8.36
1990-12-26T12:00:00Z,N/A,N/A,N/A,N/A,N/A,N/A,N/A,N/A,N/A,N/A,N/A,N/A,N/A,N/A,6.68,N/A,6.91,6.94,7.27,7.50,7.78,8.07,8.15,N/A,8.30
1990-12-27T12:00:00Z,N/A,N/A,N/A,N/A,N/A,N/A,N/A,N/A,N/A,N/A,N/A,N/A,N/A,N/A,6.67,N/A,6.91,6.94,7.25,7.46,7.75,8.03,8.11,N/A,8.25
1990-12-28T12:00:00Z,N/A,N/A,N/A,N/A,N/A,N/A,N/A,N/A,N/A,N/A,N/A,N/A,N/A,N/A,6.64,N/A,6.85,6.91,7.25,7.48,7.78,8.08,8.14,N/A,8.31
1990-12-31T12:00:00Z,N/A,N/A,N/A,N/A,N/A,N/A,N/A,N/A,N/A,N/A,N/A,N/A,N/A,N/A,6.63,N/A,6.73,6.82,7.15,7.40,7.68,8.00,8.08,N/A,8.26
1991-01-02T12:00:00Z,N/A,N/A,N/A,N/A,N/A,N/A,N/A,N/A,N/A,N/A,N/A,N/A,N/A,N/A,6.66,N/A,6.73,6.74,7.08,7.30,7.59,7.90,7.97,N/A,8.14
1991-01-03T12:00:00Z,N/A,N/A,N/A,N/A,N/A,N/A,N/A,N/A,N/A,N/A,N/A,N/A,N/A,N/A,6.64,N/A,6.71,6.72,7.08,7.27,7.56,7.86,7.93,N/A,8.11
1991-01-04T12:00:00Z,N/A,N/A,N/A,N/A,N/A,N/A,N/A,N/A,N/A,N/A,N/A,N/A,N/A,N/A,6.73,N/A,6.82,6.83,7.17,7.37,7.65,7.94,8.02,N/A,8.20
1991-01-07T12:00:00Z,N/A,N/A,N/A,N/A,N/A,N/A,N/A,N/A,N/A,N/A,N/A,N/A,N/A,N/A,6.71,N/A,6.84,6.84,7.20,7.43,7.75,8.04,8.13,N/A,8.32
1991-01-08T12:00:00Z,N/A,N/A,N/A,N/A,N/A,N/A,N/A,N/A,N/A,N/A,N/A,N/A,N/A,N/A,6.64,N/A,6.74,6.75,7.15,7.39,7.74,8.06,8.16,N/A,8.37
1991-01-09T12:00:00Z,N/A,N/A,N/A,N/A,N/A,N/A,N/A,N/A,N/A,N/A,N/A,N/A,N/A,N/A,6.44,N/A,6.61,6.68,7.10,7.46,7.81,8.12,8.25,N/A,8.46
1991-01-10T12:00:00Z,N/A,N/A,N/A,N/A,N/A,N/A,N/A,N/A,N/A,N/A,N/A,N/A,N/A,N/A,6.40,N/A,6.57,6.64,7.14,7.39,7.76,8.02,8.16,N/A,8.37
1991-01-11T12:00:00Z,N/A,N/A,N/A,N/A,N/A,N/A,N/A,N/A,N/A,N/A,N/A,N/A,N/A,N/A,6.34,N/A,6.55,6.62,7.14,7.40,7.79,8.06,8.20,N/A,8.39
1991-01-14T12:00:00Z,N/A,N/A,N/A,N/A,N/A,N/A,N/A,N/A,N/A,N/A,N/A,N/A,N/A,N/A,6.24,N/A,6.47,6.60,7.18,7.44,7.82,8.09,8.23,N/A,8.41
1991-01-15T12:00:00Z,N/A,N/A,N/A,N/A,N/A,N/A,N/A,N/A,N/A,N/A,N/A,N/A,N/A,N/A,6.23,N/A,6.44,6.60,7.16,7.43,7.79,8.07,8.22,N/A,8.41
1991-01-16T12:00:00Z,N/A,N/A,N/A,N/A,N/A,N/A,N/A,N/A,N/A,N/A,N/A,N/A,N/A,N/A,6.22,N/A,6.46,6.61,7.21,7.47,7.83,8.09,8.24,N/A,8.40
1991-01-17T12:00:00Z,N/A,N/A,N/A,N/A,N/A,N/A,N/A,N/A,N/A,N/A,N/A,N/A,N/A,N/A,6.30,N/A,6.56,6.66,7.19,7.42,7.71,7.93,8.05,N/A,8.18
1991-01-18T12:00:00Z,N/A,N/A,N/A,N/A,N/A,N/A,N/A,N/A,N/A,N/A,N/A,N/A,N/A,N/A,6.24,N/A,6.51,6.61,7.14,7.38,7.68,7.92,8.03,N/A,8.17
1991-01-22T12:00:00Z,N/A,N/A,N/A,N/A,N/A,N/A,N/A,N/A,N/A,N/A,N/A,N/A,N/A,N/A,6.24,N/A,6.48,6.59,7.13,7.37,7.70,7.94,8.07,N/A,8.23
1991-01-23T12:00:00Z,N/A,N/A,N/A,N/A,N/A,N/A,N/A,N/A,N/A,N/A,N/A,N/A,N/A,N/A,6.32,N/A,6.49,6.59,7.08,7.36,7.67,7.91,8.04,N/A,8.21
1991-01-24T12:00:00Z,N/A,N/A,N/A,N/A,N/A,N/A,N/A,N/A,N/A,N/A,N/A,N/A,N/A,N/A,6.31,N/A,6.47,6.54,7.04,7.32,7.61,7.88,8.00,N/A,8.18
1991-01-25T12:00:00Z,N/A,N/A,N/A,N/A,N/A,N/A,N/A,N/A,N/A,N/A,N/A,N/A,N/A,N/A,6.35,N/A,6.52,6.61,7.10,7.36,7.67,7.93,8.06,N/A,8.24
1991-01-28T12:00:00Z,N/A,N/A,N/A,N/A,N/A,N/A,N/A,N/A,N/A,N/A,N/A,N/A,N/A,N/A,6.44,N/A,6.55,6.64,7.12,7.38,7.67,7.93,8.06,N/A,8.23
1991-01-29T12:00:00Z,N/A,N/A,N/A,N/A,N/A,N/A,N/A,N/A,N/A,N/A,N/A,N/A,N/A,N/A,6.41,N/A,6.55,6.59,7.10,7.35,7.64,7.90,8.03,N/A,8.20
1991-01-30T12:00:00Z,N/A,N/A,N/A,N/A,N/A,N/A,N/A,N/A,N/A,N/A,N/A,N/A,N/A,N/A,6.39,N/A,6.53,6.56,7.07,7.34,7.64,7.90,8.05,N/A,8.23
1991-01-31T12:00:00Z,N/A,N/A,N/A,N/A,N/A,N/A,N/A,N/A,N/A,N/A,N/A,N/A,N/A,N/A,6.37,N/A,6.49,6.51,7.05,7.30,7.62,7.89,8.03,N/A,8.21
1991-02-01T12:00:00Z,N/A,N/A,N/A,N/A,N/A,N/A,N/A,N/A,N/A,N/A,N/A,N/A,N/A,N/A,6.17,N/A,6.24,6.27,6.83,7.10,7.45,7.75,7.91,N/A,8.09
1991-02-04T12:00:00Z,N/A,N/A,N/A,N/A,N/A,N/A,N/A,N/A,N/A,N/A,N/A,N/A,N/A,N/A,6.15,N/A,6.23,6.24,6.82,7.07,7.43,7.72,7.88,N/A,8.05
1991-02-05T12:00:00Z,N/A,N/A,N/A,N/A,N/A,N/A,N/A,N/A,N/A,N/A,N/A,N/A,N/A,N/A,6.15,N/A,6.20,6.23,6.80,6.98,7.40,7.68,7.85,N/A,8.02
1991-02-06T12:00:00Z,N/A,N/A,N/A,N/A,N/A,N/A,N/A,N/A,N/A,N/A,N/A,N/A,N/A,N/A,6.08,N/A,6.14,6.22,6.82,6.99,7.40,7.68,7.79,N/A,8.02
1991-02-07T12:00:00Z,N/A,N/A,N/A,N/A,N/A,N/A,N/A,N/A,N/A,N/A,N/A,N/A,N/A,N/A,6.11,N/A,6.15,6.23,6.80,7.00,7.42,7.70,7.82,N/A,8.01
1991-02-08T12:00:00Z,N/A,N/A,N/A,N/A,N/A,N/A,N/A,N/A,N/A,N/A,N/A,N/A,N/A,N/A,6.09,N/A,6.15,6.21,6.80,6.99,7.40,7.66,7.77,N/A,7.95
1991-02-11T12:00:00Z,N/A,N/A,N/A,N/A,N/A,N/A,N/A,N/A,N/A,N/A,N/A,N/A,N/A,N/A,6.05,N/A,6.13,6.18,6.78,6.95,7.39,7.65,7.78,N/A,7.97
1991-02-12T12:00:00Z,N/A,N/A,N/A,N/A,N/A,N/A,N/A,N/A,N/A,N/A,N/A,N/A,N/A,N/A,6.02,N/A,6.13,6.18,6.78,6.97,7.39,7.66,7.78,N/A,7.96
1991-02-13T12:00:00Z,N/A,N/A,N/A,N/A,N/A,N/A,N/A,N/A,N/A,N/A,N/A,N/A,N/A,N/A,6.03,N/A,6.13,6.21,6.78,6.98,7.39,7.66,7.78,N/A,7.97
1991-02-14T12:00:00Z,N/A,N/A,N/A,N/A,N/A,N/A,N/A,N/A,N/A,N/A,N/A,N/A,N/A,N/A,6.02,N/A,6.10,6.19,6.77,6.98,7.38,7.67,7.80,N/A,7.99
1991-02-15T12:00:00Z,N/A,N/A,N/A,N/A,N/A,N/A,N/A,N/A,N/A,N/A,N/A,N/A,N/A,N/A,6.08,N/A,6.16,6.24,6.82,7.02,7.41,7.67,7.78,N/A,7.97
1991-02-19T12:00:00Z,N/A,N/A,N/A,N/A,N/A,N/A,N/A,N/A,N/A,N/A,N/A,N/A,N/A,N/A,6.13,N/A,6.20,6.30,6.87,7.07,7.46,7.70,7.80,N/A,7.99
1991-02-20T12:00:00Z,N/A,N/A,N/A,N/A,N/A,N/A,N/A,N/A,N/A,N/A,N/A,N/A,N/A,N/A,6.11,N/A,6.19,6.28,6.87,7.08,7.49,7.73,7.84,N/A,8.02
1991-02-21T12:00:00Z,N/A,N/A,N/A,N/A,N/A,N/A,N/A,N/A,N/A,N/A,N/A,N/A,N/A,N/A,6.09,N/A,6.17,6.29,6.90,7.13,7.51,7.77,7.88,N/A,8.04
1991-02-22T12:00:00Z,N/A,N/A,N/A,N/A,N/A,N/A,N/A,N/A,N/A,N/A,N/A,N/A,N/A,N/A,6.12,N/A,6.23,6.33,6.98,7.21,7.57,7.82,7.91,N/A,8.07
1991-02-25T12:00:00Z,N/A,N/A,N/A,N/A,N/A,N/A,N/A,N/A,N/A,N/A,N/A,N/A,N/A,N/A,6.16,N/A,6.25,6.33,6.99,7.20,7.57,7.79,7.91,N/A,8.05
1991-02-26T12:00:00Z,N/A,N/A,N/A,N/A,N/A,N/A,N/A,N/A,N/A,N/A,N/A,N/A,N/A,N/A,6.22,N/A,6.30,6.37,7.00,7.24,7.62,7.85,7.96,N/A,8.14
1991-02-27T12:00:00Z,N/A,N/A,N/A,N/A,N/A,N/A,N/A,N/A,N/A,N/A,N/A,N/A,N/A,N/A,6.21,N/A,6.28,6.36,7.02,7.25,7.64,7.87,7.98,N/A,8.15
1991-02-28T12:00:00Z,N/A,N/A,N/A,N/A,N/A,N/A,N/A,N/A,N/A,N/A,N/A,N/A,N/A,N/A,6.22,N/A,6.32,6.41,7.04,7.26,7.66,7.89,8.02,N/A,8.19
1991-03-01T12:00:00Z,N/A,N/A,N/A,N/A,N/A,N/A,N/A,N/A,N/A,N/A,N/A,N/A,N/A,N/A,6.27,N/A,6.38,6.52,7.18,7.41,7.78,8.00,8.12,N/A,8.28
1991-03-04T12:00:00Z,N/A,N/A,N/A,N/A,N/A,N/A,N/A,N/A,N/A,N/A,N/A,N/A,N/A,N/A,6.24,N/A,6.36,6.51,7.16,7.40,7.77,8.01,8.12,N/A,8.29
1991-03-05T12:00:00Z,N/A,N/A,N/A,N/A,N/A,N/A,N/A,N/A,N/A,N/A,N/A,N/A,N/A,N/A,6.25,N/A,6.32,6.48,7.13,7.35,7.73,7.98,8.08,N/A,8.25
1991-03-06T12:00:00Z,N/A,N/A,N/A,N/A,N/A,N/A,N/A,N/A,N/A,N/A,N/A,N/A,N/A,N/A,6.28,N/A,6.35,6.50,7.15,7.38,7.77,8.01,8.11,N/A,8.29
1991-03-07T12:00:00Z,N/A,N/A,N/A,N/A,N/A,N/A,N/A,N/A,N/A,N/A,N/A,N/A,N/A,N/A,6.27,N/A,6.36,6.50,7.12,7.34,7.73,7.97,8.07,N/A,8.23
1991-03-08T12:00:00Z,N/A,N/A,N/A,N/A,N/A,N/A,N/A,N/A,N/A,N/A,N/A,N/A,N/A,N/A,6.16,N/A,6.25,6.41,7.08,7.35,7.77,8.01,8.13,N/A,8.30
1991-03-11T12:00:00Z,N/A,N/A,N/A,N/A,N/A,N/A,N/A,N/A,N/A,N/A,N/A,N/A,N/A,N/A,6.08,N/A,6.21,6.37,7.05,7.30,7.71,7.94,8.06,N/A,8.23
1991-03-12T12:00:00Z,N/A,N/A,N/A,N/A,N/A,N/A,N/A,N/A,N/A,N/A,N/A,N/A,N/A,N/A,6.05,N/A,6.19,6.38,7.07,7.33,7.74,7.98,8.09,N/A,8.26
1991-03-13T12:00:00Z,N/A,N/A,N/A,N/A,N/A,N/A,N/A,N/A,N/A,N/A,N/A,N/A,N/A,N/A,6.02,N/A,6.12,6.30,7.00,7.23,7.67,7.91,8.02,N/A,8.20
1991-03-14T12:00:00Z,N/A,N/A,N/A,N/A,N/A,N/A,N/A,N/A,N/A,N/A,N/A,N/A,N/A,N/A,5.94,N/A,6.04,6.26,6.95,7.19,7.64,7.90,8.02,N/A,8.20
