weight_percent,name,ticker,shares_held
1.98%,BLOOM ENERGY CLASS A CORP,BE,5129221.00
0.89%,CREDO TECHNOLOGY GROUP HOLDING LTD,CRDO,3787476.00
0.80%,FABRINET,FN,847611.00
0.79%,STERLING INFRASTRUCTURE INC,STRL,699969.00
0.62%,NEXTPOWER INC CLASS A,NXT,3423376.00
0.59%,IONQ INC,IONQ,8098769.00
0.59%,COEUR MINING INC,CDE,23963980.00
0.55%,SITIME CORP,SITM,528094.00
0.55%,ECHOSTAR CORP CLASS A,SATS,3180803.00
0.52%,TTM TECHNOLOGIES INC,TTMI,2402453.00
0.46%,MODINE MANUFACTURING,MOD,1229395.00
0.42%,RAMBUS INC,RMBS,2534671.00
0.40%,APPLIED OPTOELECTRONICS INC,AAOI,1550027.00
0.39%,DYCOM INDUSTRIES INC,DY,684879.00
0.39%,SEMTECH CORP,SMTC,2184931.00
0.39%,ADVANCED ENERGY INDUSTRIES INC,AEIS,884445.00
0.38%,SANMINA CORP,SANM,1252446.00
0.37%,HECLA MINING,HL,14907773.00
0.36%,VIAVI SOLUTIONS INC,VIAV,5412162.00
0.36%,GUARDANT HEALTH INC,GH,2911808.00
0.36%,DIGITALOCEAN HOLDINGS INC,DOCN,1787495.00
0.35%,PLANET LABS CLASS A,PL,6354087.00
0.33%,APPLIED DIGITAL CORP,APLD,5580732.00
0.33%,BRIDGEBIO PHARMA INC,BBIO,3717223.00
0.32%,ARROWHEAD PHARMACEUTICALS INC,ARWR,3171775.00
0.32%,HUT CORP,HUT,2301094.00
0.30%,CYTOKINETICS INC,CYTK,3036916.00
0.30%,ENSIGN GROUP INC,ENSG,1314945.00
0.30%,FORMFACTOR INC,FORM,1827652.00
0.30%,ARGAN INC,AGX,314905.00
0.30%,KRATOS DEFENSE AND SECURITY SOLUTI,KTOS,4242037.00
0.29%,LUMEN TECHNOLOGIES INC,LUMN,22374022.00
0.29%,SPX TECHNOLOGIES INC,SPXC,1129795.00
0.29%,AXSOME THERAPEUTICS INC,AXSM,971097.00
0.28%,CARETRUST REIT INC,CTRE,5274910.00
0.28%,CHART INDUSTRIES INC,GTLS,1060356.00
0.28%,UMB FINANCIAL CORP,UMBF,1707300.00
0.27%,MADRIGAL PHARMACEUTICALS INC,MDGL,400799.00
0.27%,VIASAT INC,VSAT,2900292.00
0.27%,AMERICAN HEALTHCARE REIT INC,AHR,4204107.00
0.27%,FIRSTCASH HOLDINGS INC,FCFS,931466.00
0.27%,PRAXIS PRECISION MEDICINES INC,PRAX,605291.00
0.26%,ENERSYS,ENS,863964.00
0.26%,MOOG INC CLASS A,MOGA,659700.00
0.26%,RIOT PLATFORMS INC,RIOT,8188322.00
0.25%,POWELL INDUSTRIES INC,POWL,671996.00
0.25%,STONEX GROUP INC,SNEX,1726759.00
0.25%,TERAWULF INC,WULF,8091871.00
0.25%,ORMAT TECH INC,ORA,1431985.00
0.25%,OLD NATIONAL BANCORP,ONB,8216720.00
0.25%,WATTS WATER TECHNOLOGIES INC CLASS,WTS,641913.00
0.24%,OKLO INC CLASS A,OKLO,2862958.00
0.24%,COMMERCIAL METALS,CMC,2614259.00
0.24%,D WAVE QUANTUM INC,QBTS,8575021.00
0.24%,GLAUKOS CORP,GKOS,1310366.00
0.23%,KRYSTAL BIOTECH INC,KRYS,580732.00
0.23%,SM ENERGY,SM,5853202.00
0.23%,ESCO TECHNOLOGIES INC,ESE,609484.00
0.22%,BRIGHTSPRING HEALTH SERVICES INC,BTSG,3029949.00
0.22%,JACKSON FINANCIAL INC CLASS A,JXN,1584143.00
0.22%,ZURN ELKAY WATER SOLUTIONS CORP,ZWS,3521041.00
0.22%,FLUOR CORP,FLR,3779376.00
0.22%,MYR GROUP INC,MYRG,362375.00
0.22%,MAXLINEAR INC,MXL,1915950.00
0.22%,CORE SCIENTIFIC INC,CORZ,6824503.00
0.22%,CIPHER DIGITAL INC,CIFR,7620521.00
0.21%,BLK CSH FND TREASURY SL AGENCY,XTSLA,169210887.00
0.21%,TEREX CORP,TEX,2630389.00
0.21%,SILICON LABORATORIES INC,SLAB,764710.00
0.21%,URANIUM ENERGY CORP,UEC,11190594.00
0.21%,PLEXUS CORP,PLXS,624387.00
0.21%,SSR MINING INC,SSRM,4776726.00
0.21%,INTERDIGITAL INC,IDCC,607370.00
0.21%,HEALTHEQUITY INC,HQY,1977195.00
0.21%,FEDERAL SIGNAL CORP,FSS,1407048.00
0.20%,ENPRO INC,NPO,495455.00
0.20%,CLEARWATER ANALYTICS HOLDINGS INC,CWAN,6540703.00
0.20%,TERRENO REALTY REIT CORP,TRNO,2404141.00
0.20%,VICOR CORP,VICR,539864.00
0.20%,VAXCYTE INC,PCVX,2910552.00
0.20%,NOBLE CORPORATION PLC,NE,2957854.00
0.20%,RYMAN HOSPITALITY PROPERTIES REIT,RHP,1452638.00
0.20%,JBT MAREL CORP,JBTM,1223644.00
0.19%,VALARIS LTD,VAL,1464079.00
0.19%,ARCHROCK INC,AROC,4046063.00
0.19%,TRANSOCEAN LTD,RIG,21765272.00
0.19%,VALLEY NATIONAL,VLY,11434931.00
0.19%,GATX CORP,GATX,841629.00
0.19%,LANTHEUS HOLDINGS INC,LNTH,1533433.00
0.19%,ARCOSA INC,ACA,1139817.00
0.19%,IES INC,IESC,212047.00
0.19%,RIGETTI COMPUTING INC,RGTI,7660174.00
0.19%,PRIMORIS SERVICES CORP,PRIM,1270982.00
0.19%,AEROVIRONMENT INC,AVAV,886377.00
0.19%,ALKERMES,ALKS,3808731.00
0.19%,JOBY AVIATION INC CLASS A,JOBY,13730522.00
0.18%,KODIAK GAS SERVICES INC,KGS,1957240.00
0.18%,SOUTHWEST GAS HOLDINGS INC,SWX,1619213.00
0.18%,GRANITE CONSTRUCTION INC,GVA,1026812.00
0.18%,PROTAGONIST THERAPEUTICS INC,PTGX,1364657.00
0.18%,ESSENTIAL PROPERTIES REALTY TRUST,EPRT,4664467.00
0.18%,MACERICH REIT,MAC,6376135.00
0.18%,USD CASH,USD,140833423.00
0.18%,TXNM ENERGY INC,TXNM,2363256.00
0.18%,CONSTRUCTION PARTNERS INC CLASS A,ROAD,1117245.00
0.18%,GLACIER BANCORP INC,GBCI,3001210.00
0.18%,BRINKER INTERNATIONAL INC,EAT,1017779.00
0.18%,TG THERAPEUTICS INC,TGTX,3401413.00
0.18%,UNITED BANKSHARES INC,UBSI,3265802.00
0.17%,NEW JERSEY RESOURCES CORP,NJR,2376518.00
0.17%,KITE REALTY GROUP TRUST REIT,KRG,5150901.00
0.17%,PTC THERAPEUTICS INC,PTCT,1845714.00
0.17%,BLACK HILLS CORP,BKH,1790878.00
0.17%,GARRETT MOTION INC,GTX,4170438.00
0.17%,PIPER SANDLER COMPANIES,PIPR,1645265.00
0.17%,SPYRE THERAPEUTICS INC,SYRE,1749979.00
0.17%,MATSON INC,MATX,724409.00
0.17%,NOVANTA INC,NOVT,845183.00
0.17%,ESSENT GROUP LTD,ESNT,2184303.00
0.17%,GOLAR LNG LTD,GLNG,2287013.00
0.17%,HANCOCK WHITNEY CORP,HWC,1977575.00
0.16%,TAYLOR MORRISON HOME CORP,TMHC,2260120.00
0.16%,PORTLAND GENERAL ELECTRIC,POR,2666054.00
0.16%,AMERIS BANCORP,ABCB,1530125.00
0.16%,CASELLA WASTE SYSTEMS INC CLASS A,CWST,1471350.00
0.16%,KULICKE AND SOFFA INDUSTRIES INC,KLIC,1196990.00
0.16%,SABRA HEALTH CARE REIT INC,SBRA,5865906.00
0.16%,MURPHY OIL CORP,MUR,3178883.00
0.16%,LIBERTY ENERGY INC CLASS A,LBRT,3705445.00
0.16%,BALCHEM CORP,BCPC,765173.00
0.16%,ATLANTIC UNION BANKSHARES CORP,AUB,3322689.00
0.16%,MAGNOLIA OIL GAS CORP CLASS A,MGY,4239638.00
0.16%,NUVALENT INC CLASS A,NUVL,1169556.00
0.15%,SELECTIVE INSURANCE GROUP INC,SIGI,1418565.00
0.15%,HA SUSTAINABLE INFRASTRUCTURE CAPI,HASI,2930340.00
0.15%,MERCURY SYSTEMS INC,MRCY,1274586.00
0.15%,LIFE TIME GROUP HOLDINGS INC,LTH,3544961.00
0.15%,ONE GAS INC,OGS,1411831.00
0.15%,PHILLIPS EDISON AND COMPANY INC,PECO,2990686.00
0.15%,SYNAPTICS INC,SYNA,914857.00
0.15%,CLEAR SECURE INC CLASS A,YOU,2071558.00
0.15%,MARA HOLDINGS INC,MARA,8915335.00
0.15%,INSTALLED BUILDING PRODUCTS INC,IBP,544190.00
0.15%,SPIRE INC,SR,1371274.00
0.15%,AXCELIS TECHNOLOGIES INC,ACLS,730211.00
0.15%,CNX RESOURCES CORP,CNX,3235844.00
0.15%,PLUG POWER INC,PLUG,31033223.00
0.15%,RADIAN GROUP INC,RDN,3186333.00
0.15%,COMPASS INC CLASS A,COMP,15092936.00
0.15%,HIMS HERS HEALTH INC CLASS A,HIMS,4802766.00
0.15%,SENSIENT TECHNOLOGIES CORP,SXT,991338.00
0.15%,RHYTHM PHARMACEUTICALS INC,RYTM,1238735.00
0.15%,COGENT BIOSCIENCES INC,COGT,3356079.00
0.15%,OUTFRONT MEDIA INC,OUT,3486585.00
0.14%,HOME BANCSHARES INC,HOMB,4410809.00
0.14%,UFP INDUSTRIES INC,UFPI,1365195.00
0.14%,KYMERA THERAPEUTICS INC,KYMR,1345399.00
0.14%,BROOKFIELD INFRASTRUCTURE CORP CLA,BIPC,2823582.00
0.14%,XENON PHARMACEUTICALS INC,XENE,2026252.00
0.14%,VSE CORP,VSEC,630531.00
0.14%,DIODES INC,DIOD,1078927.00
0.14%,PERIMETER SOLUTIONS INC,PRM,3263043.00
0.14%,CELCUITY INC,CELC,823233.00
0.14%,INDIVIOR PHARMACEUTICALS INC,INDV,2926128.00
0.14%,OSCAR HEALTH INC CLASS A,OSCR,4763126.00
0.14%,ASSOCIATED BANCORP,ASB,3960015.00
0.14%,MIRUM PHARMACEUTICALS INC,MIRM,986646.00
0.14%,CONSTELLIUM SE CLASS A,CSTM,3230207.00
0.14%,VISHAY INTERTECHNOLOGY INC,VSH,2848319.00
0.14%,CRISPR THERAPEUTICS AG,CRSP,2141737.00
0.14%,HERC HOLDINGS INC,HRI,766845.00
0.14%,ENERGY FUELS INC,UUUU,5516246.00
0.14%,USA RARE EARTH INC CLASS A,USAR,4324734.00
0.14%,AXOS FINANCIAL INC,AX,1285203.00
0.14%,KNIFE RIVER CORP,KNF,1340708.00
0.14%,LEGENCE CORP CLASS A,LGN,1199962.00
0.14%,CNO FINANCIAL GROUP INC,CNO,2261094.00
0.14%,NAVITAS SEMICONDUCTOR CORP,NVTS,4768348.00
0.13%,MIRION TECHNOLOGIES INC CLASS A,MIR,5618375.00
0.13%,FRONTDOOR INC,FTDR,1702832.00
0.13%,COMMVAULT SYSTEMS INC,CVLT,1037388.00
0.13%,BOOT BARN HOLDINGS INC,BOOT,721679.00
0.13%,URBAN OUTFITTERS INC,URBN,1532107.00
0.13%,WARRIOR MET COAL INC,HCC,1224011.00
0.13%,SCHOLAR ROCK HOLDING CORP,SRRK,2043106.00
0.13%,BRINKS,BCO,979238.00
0.13%,NORTHWESTERN ENERGY GROUP INC,NWE,1452801.00
0.13%,ATMUS FILTRATION TECHNOLOGIES INC,ATMU,1925720.00
0.13%,CALIFORNIA RESOURCES CORP,CRC,1724579.00
0.13%,AZZ INC,AZZ,696940.00
0.13%,MATERION CORP,MTRN,486395.00
0.13%,COVISTA INC,CVSA,801733.00
0.13%,BELDEN INC,BDC,920157.00
0.13%,RUSH ENTERPRISES INC CLASS A,RUSHA,1431414.00
0.13%,TEXAS CAPITAL BANCSHARES INC,TCBI,1038904.00
0.13%,CABOT CORP,CBT,1228675.00
0.13%,ACI WORLDWIDE INC,ACIW,2463371.00
0.13%,CORE NATURAL RESOURCES INC,CNR,1194068.00
0.13%,AAR CORP,AIR,918377.00
0.13%,CSW INDUSTRIALS INC,CSW,374588.00
0.13%,LIGAND PHARMACEUTICALS INC,LGND,453374.00
0.13%,PATTERSON UTI ENERGY INC,PTEN,8151520.00
0.13%,EASTERN BANKSHARES INC,EBC,5079683.00
0.13%,FIRST FINANCIAL BANKSHARES INC,FFIN,3136448.00
0.12%,TELEPHONE AND DATA SYSTEMS INC,TDS,2335463.00
0.12%,MERITAGE CORP,MTH,1574878.00
0.12%,FLAGSTAR BANK NATIONAL ASSOCIATION,FLG,7108896.00
0.12%,BGC GROUP INC CLASS A,BGC,8526180.00
0.12%,LAUREATE EDUCATION INC,LAUR,2979674.00
0.12%,CG ONCOLOGY INC,CGON,1388650.00
0.12%,GLOBALSTAR VOTING INC,GSAT,1175991.00
0.12%,PRICESMART INC,PSMT,601526.00
0.12%,TANGER INC,SKT,2682900.00
0.12%,FULTON FINANCIAL CORP,FULT,4544107.00
0.12%,INTUITIVE MACHINES INC CLASS A,LUNR,2608738.00
0.12%,MOELIS CLASS A,MC,1470957.00
0.12%,IMPINJ INC,PI,658590.00
0.12%,UNITED COMMUNITY BANKS INC,UCB,2901699.00
0.12%,REMITLY GLOBAL INC,RELY,4057720.00
0.12%,MUELLER WATER PRODUCTS INC SERIES,MWA,3650742.00
0.12%,TIDEWATER INC,TDW,1154776.00
0.12%,ENOVA INTERNATIONAL INC,ENVA,561344.00
0.12%,VICTORY CAPITAL HOLDINGS CLASS A I,VCTR,1061045.00
0.12%,XOMETRY INC CLASS A,XMTR,1034048.00
0.12%,CACTUS INC CLASS A,WHD,1606643.00
0.12%,POWER INTEGRATIONS INC,POWI,1295593.00
0.12%,INDEPENDENCE REALTY INC,IRT,5683758.00
0.12%,SERVISFIRST BANCSHARES INC,SFBS,1208221.00
0.12%,INTERNATIONAL BANCSHARES CORP,IBOC,1285954.00
0.12%,GROUP AUTOMOTIVE INC,GPI,275549.00
0.12%,DANA INCORPORATED INC,DAN,2660259.00
0.12%,LIVANOVA PLC,LIVN,1275727.00
0.12%,HELMERICH & PAYNE INC,HP,2318789.00
0.12%,ARCHER AVIATION INC CLASS A,ACHR,14238634.00
0.12%,RESIDEO TECHNOLOGIES INC,REZI,3032695.00
0.12%,LIQUIDIA CORP,LQDA,1537811.00
0.12%,STEPSTONE GROUP INC CLASS A,STEP,1654273.00
0.12%,CHAMPION HOMES INC,SKY,1309176.00
0.12%,NLIGHT INC,LASR,1117845.00
0.12%,INDEPENDENT BANK CORP,INDB,1180968.00
0.12%,ULTRA CLEAN HOLDINGS INC,UCTT,1049095.00
0.11%,WSFS FINANCIAL CORP,WSFS,1280192.00
0.11%,OCEANEERING INTERNATIONAL INC,OII,2322384.00
0.11%,FRANKLIN ELECTRIC INC,FELE,908226.00
0.11%,RENASANT CORP,RNST,2252142.00
0.11%,KADANT INC,KAI,275416.00
0.11%,UNIFIRST CORP,UNF,343730.00
0.11%,BROADSTONE NET LEASE INC,BNL,4484093.00
0.11%,ASBURY AUTOMOTIVE GROUP INC,ABG,457724.00
0.11%,OPENLANE INC,OPLN,2473294.00
0.11%,CHEMOURS,CC,3537538.00
0.11%,CRINETICS PHARMACEUTICALS INC,CRNX,2291114.00
0.11%,SCORPIO TANKERS INC,STNG,1060112.00
0.11%,APOGEE THERAPEUTICS INC,APGE,1043551.00
0.11%,GENWORTH FINANCIAL INC,GNW,9533676.00
0.11%,ITRON INC,ITRI,1067113.00
0.11%,TUTOR PERINI CORP,TPC,1047371.00
0.11%,CAVCO INDUSTRIES INC,CVCO,182256.00
0.11%,STRIDE INC,LRN,982228.00
0.11%,PJT PARTNERS INC CLASS A,PJT,543338.00
0.11%,FIRST BANCORP,FBP,3693296.00
0.11%,SPHERE ENTERTAINMENT CLASS A,SPHR,638622.00
0.11%,CATHAY GENERAL BANCORP,CATY,1527576.00
0.11%,MERIT MEDICAL SYSTEMS INC,MMSI,1369010.00
0.11%,RADNET INC,RDNT,1602197.00
0.11%,THE VITA COCO COMPANY INC,COCO,1118921.00
0.11%,TRAVERE THERAPEUTICS INC,TVTX,1936772.00
0.11%,IRHYTHM HOLDINGS INC,IRTC,747437.00
0.11%,COPT DEFENSE PROPERTIES,CDP,2684310.00
0.11%,SOLARIS OILFIELD INFRASTRUCTURE IN,SEI,1085253.00
0.11%,CATALYST PHARMACEUTICALS INC,CPRX,2714731.00
0.11%,GRAHAM HOLDINGS COMPANY CLASS B,GHC,75568.00
0.11%,CLEANSPARK INC,CLSK,5939814.00
0.11%,VEECO INSTRUMENTS INC,VECO,1394139.00
0.11%,NATIONAL HEALTH INVESTORS REIT INC,NHI,1105437.00
0.11%,POLARIS INC,PII,1250320.00
0.10%,KONTOOR BRANDS INC,KTB,1291973.00
0.10%,ZETA GLOBAL HOLDINGS CORP CLASS A,ZETA,4946560.00
0.10%,CENTURY ALUMINUM,CENX,1334231.00
0.10%,OTTER TAIL CORP,OTTR,907037.00
0.10%,BADGER METER INC,BMI,695458.00
0.10%,BANKUNITED INC,BKU,1769677.00
0.10%,INTERNATIONAL SEAWAYS INC,INSW,944866.00
0.10%,ADEIA INC,ADEA,2563029.00
0.10%,PBF ENERGY INC CLASS A,PBF,1968960.00
0.10%,SKYWEST INC,SKYW,954397.00
0.10%,CAL MAINE FOODS INC,CALM,1022179.00
0.10%,ACADEMY SPORTS AND OUTDOORS INC,ASO,1560701.00
0.10%,OSI SYSTEMS INC,OSIS,369143.00
0.10%,BOX INC CLASS A,BOX,3306399.00
0.10%,CVB FINANCIAL CORP,CVBF,4019797.00
0.10%,KORN FERRY,KFY,1238385.00
0.10%,AVISTA CORP,AVA,1916163.00
0.10%,AMBARELLA INC,AMBA,968880.00
0.10%,SUNRUN INC,RUN,5344635.00
0.10%,NCR ATLEOS CORP,NATL,1736056.00
0.10%,LEMONADE INC,LMND,1449950.00
0.10%,DORMAN PRODUCTS INC,DORM,646764.00
0.10%,M I HOMES INC,MHO,615072.00
0.10%,SOUNDHOUND AI INC CLASS A,SOUN,9112893.00
0.10%,GRIFFON CORP,GFF,902476.00
0.10%,EXTREME NETWORKS INC,EXTR,3131291.00
0.10%,ABERCROMBIE AND FITCH CLASS A,ANF,1065420.00
0.10%,MAXIMUS INC,MMS,1283342.00
0.10%,COMMUNITY FINANCIAL SYSTEM INC,CBU,1228288.00
0.10%,FIRST FINANCIAL BANCORP,FFBC,2535405.00
0.10%,ACM RESEARCH CLASS A INC,ACMR,1207946.00
0.10%,HB FULLER,FUL,1281994.00
0.10%,VICTORIA S SECRET,VSCO,1627668.00
0.10%,CRESCENT ENERGY CLASS A,CRGY,6037696.00
0.10%,CENTRUS ENERGY CORP CLASS A,LEU,395681.00
0.10%,ALIGNMENT HEALTHCARE INC,ALHC,4587528.00
0.10%,SEADRILL LTD,SDRL,1473858.00
0.10%,APPLE HOSPITALITY REIT INC,APLE,5391737.00
0.10%,TWIST BIOSCIENCE CORP,TWST,1420030.00
0.10%,AVIENT CORP,AVNT,2158104.00
0.09%,VISTEON CORP,VC,646884.00
0.09%,OPTION CARE HEALTH INC,OPCH,3745518.00
0.09%,MAREX GROUP PLC,MRX,1296877.00
0.09%,VARONIS SYSTEMS INC,VRNS,2726933.00
0.09%,WESBANCO INC,WSBC,2223070.00
0.09%,SL GREEN REALTY REIT CORP,SLG,1690958.00
0.09%,QUALYS INC,QLYS,846821.00
0.09%,AEHR TEST SYSTEMS,AEHR,689706.00
0.09%,GEO GROUP INC,GEO,3132562.00
0.09%,SIGNET JEWELERS LTD,SIG,931512.00
0.09%,STANDEX INTERNATIONAL CORP,SXI,281487.00
0.09%,UNITED NATURAL FOODS INC,UNFI,1409405.00
0.09%,INTEGER HOLDINGS CORP,ITGR,810274.00
0.09%,BENCHMARK ELECTRONICS INC,BHE,834264.00
0.09%,BANK OF HAWAII CORP,BOH,940033.00
0.09%,KNOWLES CORP,KN,2005014.00
0.09%,BROOKDALE SENIOR LIVING INC,BKD,5439388.00
0.09%,PATRICK INDUSTRIES INC,PATK,763118.00
0.09%,HAWKINS INC,HWKN,458149.00
0.09%,DIANTHUS THERAPEUTICS INC,DNTH,840412.00
0.09%,CONCENTRA GROUP HOLDINGS PARENT IN,CON,2728006.00
0.09%,VERACYTE INC,VCYT,1836810.00
0.09%,PHINIA INC,PHIN,896442.00
0.09%,LXP INDUSTRIAL TRUST,LXP,1382673.00
0.09%,FIRST INTERSTATE BANCSYSTEM INC,FIBK,2064802.00
0.09%,ADVANCE AUTO PARTS INC,AAP,1408800.00
0.09%,PAR PACIFIC HOLDINGS INC,PARR,1162023.00
0.09%,PHOTRONICS INC,PLAB,1343955.00
0.09%,AMERICAN STATES WATER,AWR,902782.00
0.09%,PEABODY ENERGY CORP,BTU,2876172.00
0.09%,ICU MEDICAL INC,ICUI,566830.00
0.09%,CHESAPEAKE UTILITIES CORP,CPK,545895.00
0.09%,CHEFS WAREHOUSE INC,CHEF,856187.00
0.09%,ORUKA THERAPEUTICS INC,ORKA,1084583.00
0.09%,BLACKSTONE MORTGAGE TRUST REIT CLA,BXMT,3754832.00
0.09%,SIMMONS FIRST NATIONAL CORP CLASS,SFNC,3321540.00
0.09%,NMI HOLDINGS INC,NMIH,1821637.00
0.09%,GULFPORT ENERGY CORP,GPOR,374443.00
0.09%,PALOMAR HOLDINGS INC,PLMR,615991.00
0.09%,KB HOME,KBH,1447409.00
0.09%,SEACOAST BANKING OF FLORIDA,SBCF,2233398.00
0.09%,TOWNEBANK,TOWN,1982787.00
0.09%,CENTURI HOLDINGS INC,CTRI,2071715.00
0.09%,WARBY PARKER INC CLASS A,WRBY,2326607.00
0.09%,KAISER ALUMINIUM CORP,KALU,377583.00
0.08%,RXO INC,RXO,3822045.00
0.08%,TRINITY INDUSTRIES INC,TRN,1888831.00
0.08%,MCGRATH RENT,MGRC,574806.00
0.08%,STEVEN MADDEN LTD,SHOO,1681464.00
0.08%,SUPERNUS PHARMACEUTICALS INC,SUPN,1295862.00
0.08%,ACADIA REALTY TRUST REIT,AKR,3131174.00
0.08%,DIGITALBRIDGE GROUP INC CLASS A,DBRG,4228469.00
0.08%,BEAM THERAPEUTICS INC,BEAM,2239277.00
0.08%,BEL FUSE INC CLASS B,BELFB,245759.00
0.08%,Q2 HOLDINGS INC,QTWO,1463646.00
0.08%,CINEMARK HOLDINGS INC,CNK,2494504.00
0.08%,NETSCOUT SYSTEMS INC,NTCT,1684510.00
0.08%,PROVIDENT FINANCIAL SERVICES INC,PFS,2976427.00
0.08%,INNODATA INC,INOD,726866.00
0.08%,MGE ENERGY INC,MGEE,863912.00
0.08%,URBAN EDGE PROPERTIES,UE,3024683.00
0.08%,ACADIA PHARMACEUTICALS INC,ACAD,2953510.00
0.08%,TANGO THERAPEUTICS INC,TNGX,2609697.00
0.08%,DENALI THERAPEUTICS INC,DNLI,3337943.00
0.08%,HILTON GRAND VACATIONS INC,HGV,1429892.00
0.08%,WD-40,WDFC,317359.00
0.08%,CURBLINE PROPERTIES,CURB,2288712.00
0.08%,WAFD INC,WAFD,1834945.00
0.08%,MADISON SQUARE GARDEN ENTERTAINMEN,MSGE,930158.00
0.08%,CHEESECAKE FACTORY INC,CAKE,1089394.00
0.08%,LCI INDUSTRIES,LCII,556695.00
0.08%,PERPETUA RESOURCES CORP,PPTA,2031873.00
0.08%,HAEMONETICS CORP,HAE,1104577.00
0.08%,KENNAMETAL INC,KMT,1793556.00
0.08%,PRIVIA HEALTH GROUP INC,PRVA,2709897.00
0.08%,ARCBEST CORP,ARCB,529235.00
0.08%,MERCURY GENERAL CORP,MCY,637351.00
0.08%,SOLENO THERAPEUTICS INC,SLNO,1186117.00
0.08%,INSIGHT ENTERPRISES INC,NSIT,698287.00
0.08%,EXPONENT INC,EXPO,1162527.00
0.08%,PENGUIN SOLUTIONS INC,PENG,1250812.00
0.08%,DYNEX CAPITAL REIT INC,DX,4701781.00
0.08%,NICOLET BANKSHARES INC,NIC,432612.00
0.08%,FOUR CORNERS PROPERTY INC TRUST,FCPT,2484222.00
0.08%,HELIOS TECHNOLOGIES INC,HLIO,778972.00
0.08%,BOISE CASCADE,BCC,877287.00
0.08%,LIONSGATE STUDIOS CORP,LION,4803623.00
0.08%,DELEK US HOLDINGS INC,DK,1391070.00
0.08%,CALIFORNIA WATER SERVICE GROUP,CWT,1397953.00
0.08%,ASTRONICS CORP,ATRO,732934.00
0.08%,ROGERS CORP,ROG,423882.00
0.08%,PENNYMAC FINANCIAL SERVICES INC,PFSI,687972.00
0.08%,TARSUS PHARMACEUTICALS INC,TARS,926583.00
0.08%,ATKORE INC,ATKR,790612.00
0.08%,INGEVITY CORP,NGVT,842491.00
0.08%,UPSTART HOLDINGS INC,UPST,2022127.00
0.08%,CECO ENVIRONMENTAL CORP,CECO,694308.00
0.08%,ICHOR HOLDINGS LTD,ICHR,798237.00
0.08%,MINERALS TECHNOLOGIES INC,MTX,736724.00
0.08%,AMERICAN SUPERCONDUCTOR CORP,AMSC,1084035.00
0.08%,RED ROCK RESORTS ORS CLASS A INC,RRR,1147302.00
0.08%,EOS ENERGY ENTERPRISES INC CLASS A,EOSE,7232198.00
0.07%,NATIONAL HEALTHCARE CORP,NHC,297967.00
0.07%,INVENTRUST PROPERTIES CORP,IVT,1882718.00
0.07%,BANC OF CALIFORNIA INC,BANC,3156558.00
0.07%,FASTLY INC CLASS A,FSLY,3330545.00
0.07%,VISTANCE NETWORKS INC,VISN,5143358.00
0.07%,NOVAGOLD RESOURCES INC,NG,6593943.00
0.07%,FIRST MERCHANTS CORP,FRME,1470140.00
0.07%,RUSH STREET INTERACTIVE INC CLASS,RSI,2148845.00
0.07%,AMERICAN EAGLE OUTFITTERS INC,AEO,3752408.00
0.07%,PARK NATIONAL CORP,PRK,346812.00
0.07%,DNOW INC,DNOW,4348704.00
0.07%,ONESPAWORLD HOLDINGS LTD,OSW,2427700.00
0.07%,ST JOE,JOE,898755.00
0.07%,WISDOMTREE INC,WT,2912952.00
0.07%,CELLDEX THERAPEUTICS INC,CLDX,1772625.00
0.07%,STONECO LTD CLASS A,STNE,5926874.00
0.07%,BEACON FINANCIAL CORP,BBT,2024345.00
0.07%,DAVE INC CLASS A,DAVE,244815.00
0.07%,VERA THERAPEUTICS INC CLASS A,VERA,1446347.00
0.07%,IDEAYA BIOSCIENCES INC,IDYA,1976349.00
0.07%,TENABLE HOLDINGS INC,TENB,2787412.00
0.07%,DYNE THERAPEUTICS INC,DYN,3117857.00
0.07%,CALIX NETWORKS INC,CALX,1415201.00
0.07%,TRUSTMARK CORP,TRMK,1299817.00
0.07%,CUSTOMERS BANCORP INC,CUBI,769736.00
0.07%,10X GENOMICS INC CLASS A,TXG,2639891.00
0.07%,DHT HOLDINGS INC,DHT,3177342.00
0.07%,SHAKE SHACK INC CLASS A,SHAK,913166.00
0.07%,IMMUNITYBIO INC,IBRX,6918309.00
0.07%,ABM INDUSTRIES INC,ABM,1421910.00
0.07%,DIGI INTERNATIONAL INC,DGII,876653.00
0.07%,CARGURUS INC CLASS A,CARG,1856311.00
0.07%,ARCUTIS BIOTHERAPEUTICS INC,ARQT,2579393.00
0.07%,ARTISAN PARTNERS ASSET MANAGEMENT,APAM,1493040.00
0.07%,QUANTUM COMPUTING INC,QUBT,4739037.00
0.07%,ACUSHNET HOLDINGS CORP,GOLF,644724.00
0.07%,KINETIK HOLDINGS INC CLASS A,KNTK,1088607.00
0.07%,IMMUNOVANT INC,IMVT,1908816.00
0.07%,ANDERSONS INC,ANDE,765329.00
0.07%,PERDOCEO EDUCATION CORP,PRDO,1573532.00
0.07%,FIRST BANCORP,FBNC,947202.00
0.07%,BANK OF NT BUTTERFIELD & SON LTD,NTB,989953.00
0.07%,CSG SYSTEMS INTERNATIONAL INC,CSGS,671830.00
0.07%,BANCORP INC,TBBK,987625.00
0.07%,ATLANTA BRAVES HOLDINGS INC SERIES,BATRK,1061476.00
0.07%,WORKIVA INC CLASS A,WK,1189269.00
0.07%,BLUE BIRD CORP,BLBD,744614.00
0.07%,EDGEWISE THERAPEUTICS INC,EWTX,1582773.00
0.07%,EPLUS,PLUS,629631.00
0.07%,MARZETTI,MZTI,468497.00
0.07%,NBT BANCORP INC,NBTB,1204047.00
0.07%,NEWMARK GROUP INC CLASS A,NMRK,3593312.00
0.07%,BANCFIRST CORP,BANF,487260.00
0.07%,FB FINANCIAL CORP,FBK,1022243.00
0.07%,IMMUNOME INC,IMNM,2397643.00
0.07%,BANNER CORP,BANR,827815.00
0.07%,COHU INC,COHU,1075823.00
0.07%,NORTHERN OIL AND GAS INC,NOG,2250527.00
0.07%,HUB GROUP INC CLASS A,HUBG,1409498.00
0.07%,THERMON GROUP HOLDINGS INC,THR,762827.00
0.07%,HAWAIIAN ELECTRIC INDUSTRIES INC,HE,3855130.00
0.07%,GPGI INC CLASS A,GPGI,4194076.00
0.07%,HNI CORP,HNI,1648698.00
0.07%,FIRST BUSEY CORP,BUSE,1980442.00
0.07%,PRESTIGE CONSUMER HEALTHCARE INC,PBH,1124022.00
0.07%,CORECIVIC REIT INC,CXW,2428996.00
0.07%,ENTERPRISE FINANCIAL SERVICES CORP,EFSC,865054.00
0.06%,DIAMONDROCK HOSPITALITY,DRH,4873838.00
0.06%,GRAIL INC,GRAL,824977.00
0.06%,BIOCRYST PHARMACEUTICALS INC,BCRX,5323657.00
0.06%,CALUMET INC,CLMT,1619966.00
0.06%,WERNER ENTERPRISES INC,WERN,1359894.00
0.06%,VERRA MOBILITY CORP CLASS A,VRRM,3796925.00
0.06%,SUPER GROUP LTD,SGHC,3741695.00
0.06%,NEXTNAV INC,NN,2221464.00
0.06%,DEFINIUM THERAPEUTICS INC,DFTX,2305599.00
0.06%,ALPHA METALLURGICAL RESOURCE INC,AMR,270521.00
0.06%,DUCOMMUN INC,DCO,323888.00
0.06%,ARCUS BIOSCIENCES INC,RCUS,1963951.00
0.06%,TRANSMEDICS GROUP INC,TMDX,789064.00
0.06%,WAYSTAR HOLDING CORP,WAY,2586663.00
0.06%,NORTHWEST NATURAL HOLDING COMPANY,NWN,974462.00
0.06%,LEMAITRE VASCULAR INC,LMAT,488514.00
0.06%,AMPRIUS TECHNOLOGIES INC,AMPX,2698442.00
0.06%,CAPRI HOLDINGS LTD,CPRI,2753951.00
0.06%,PELOTON INTERACTIVE CLASS A INC,PTON,9296465.00
0.06%,STEWART INFO SERVICES CORP,STC,708693.00
0.06%,WEBULL CORP CLASS A,BULL,6529674.00
0.06%,COHEN & STEERS INC,CNS,656600.00
0.06%,ALARM.COM HOLDINGS INC,ALRM,1122988.00
0.06%,A10 NETWORKS INC,ATEN,1687535.00
0.06%,CALLAWAY GOLF COMPANY,CALY,3102075.00
0.06%,MARRIOTT VACATIONS WORLDWIDE CORP,VAC,653991.00
0.06%,PEDIATRIX MEDICAL GROUP INC,MD,2006005.00
0.06%,OFG BANCORP,OFG,1060690.00
0.06%,GREEN BRICK PARTNERS INC,GRBK,729714.00
0.06%,DXP ENTERPRISES INC,DXPE,305531.00
0.06%,BREAD FINANCIAL HOLDINGS INC,BFH,536041.00
0.06%,AXOGEN INC,AXGN,1136203.00
0.06%,CUSHMAN AND WAKEFIELD LTD,CWK,3626191.00
0.06%,ADAPTIVE BIOTECHNOLOGIES CORP,ADPT,3522554.00
0.06%,OUSTER INC,OUST,1331605.00
0.06%,ARMOUR RESIDENTIAL REIT INC,ARR,2666395.00
0.06%,INNOSPEC INC,IOSP,578546.00
0.06%,TALOS ENERGY INC,TALO,2994812.00
0.06%,ADMA BIOLOGICS INC,ADMA,5429828.00
0.06%,ERASCA INC,ERAS,4447381.00
0.06%,UNIVERSAL TECHNICAL INSTITUTE INC,UTI,1109863.00
0.06%,QUAKER HOUGHTON CORP,KWR,322514.00
0.06%,NORTHWEST BANCSHARES INC,NWBI,3386254.00
0.06%,OMNICELL INC,OMCL,1048893.00
0.06%,FLYWIRE CORP,FLYW,2782925.00
0.06%,ACADIAN ASSET MANAGEMENT INC,AAMI,636491.00
0.06%,SIX FLAGS ENTERTAINMENT CORP,FUN,2249633.00
0.06%,HORACE MANN EDUCATORS CORP,HMN,1003091.00
0.06%,NUSCALE POWER CORP CLASS A,SMR,3729972.00
0.06%,DIVERSIFIED HEALTHCARE TRUST,DHC,5198730.00
0.06%,SUNSTONE HOTEL INVESTORS REIT INC,SHO,4334985.00
0.06%,BIGBEAR.AI HOLDINGS INC,BBAI,10226459.00
0.06%,DISC MEDICINE INC,IRON,642531.00
0.06%,SPS COMMERCE INC,SPSC,894369.00
0.06%,BALDWIN INSURANCE GROUP INC CLASS,BWIN,2250870.00
0.06%,AURINIA PHARMACEUTICALS INC,AUPH,2807208.00
0.06%,V2X INC,VVX,624755.00
0.06%,UNITI GROUP INC,UNIT,3935170.00
0.06%,SIRIUSPOINT LTD,SPNT,1947197.00
0.06%,FIRST COMMONWEALTH FINANCIAL CORP,FCF,2410004.00
0.06%,TEEKAY TANKERS LTD CLASS A,TNK,564545.00
0.06%,H2O AMERICA,HTO,778821.00
0.06%,AMNEAL PHARMACEUTICALS INC CLASS A,AMRX,3543045.00
0.05%,NEOGEN CORP,NEOG,5126537.00
0.05%,PATHWARD FINANCIAL INC,CASH,531695.00
0.05%,NOVOCURE LTD,NVCR,2386260.00
0.05%,LENDINGCLUB CORP,LC,2710611.00
0.05%,LIVERAMP HOLDINGS INC,RAMP,1475873.00
0.05%,SPECTRUM BRANDS HOLDINGS INC,SPB,536808.00
0.05%,ENERPAC TOOL GROUP CORP CLASS A,EPAC,1239318.00
0.05%,GLOBAL NET LEASE INC,GNL,4664489.00
0.05%,STOCK YARDS BANCORP INC,SYBT,612308.00
0.05%,STRATEGIC EDUCATION INC,STRA,540072.00
0.05%,BITDEER TECHNOLOGIES GROUP CLASS A,BTDR,2887331.00
0.05%,LTC PROPERTIES REIT INC,LTC,1110016.00
0.05%,ALBANY INTERNATIONAL CORP CLASS A,AIN,670211.00
0.05%,ALLEGIANT TRAVEL,ALGT,528348.00
0.05%,TIC SOLUTIONS INC,TIC,4746060.00
0.05%,RELAY THERAPEUTICS INC,RLAY,3309731.00
0.05%,ENCORE CAPITAL GROUP INC,ECPG,516805.00
0.05%,BORR DRILLING LTD,BORR,6679759.00
0.05%,OCULAR THERAPEUTIX INC,OCUL,4414808.00
0.05%,DIEBOLD NIXDORF INC,DBD,581820.00
0.05%,SKYWARD SPECIALTY INSURANCE GROUP,SKWD,921784.00
0.05%,ADIENT PLC,ADNT,1849744.00
0.05%,SELECT MEDICAL HOLDINGS CORP,SEM,2531087.00
0.05%,GETTY REALTY REIT CORP,GTY,1272690.00
0.05%,MAGNITE INC,MGNI,3343132.00
0.05%,SELECT WATER SOLUTIONS INC CLASS A,WTTR,2226996.00
0.05%,SYNDAX PHARMACEUTICALS INC,SNDX,2015683.00
0.05%,CTS CORP,CTS,674975.00
0.05%,FRESHWORKS INC CLASS A,FRSH,4907150.00
0.05%,SONOS INC,SONO,2810010.00
0.05%,NATIONAL ENERGY SERVICES REUNITED,NESR,1584596.00
0.05%,WORTHINGTON ENTERPRISES INC,WOR,739153.00
0.05%,HURON CONSULTING GROUP INC,HURN,399600.00
0.05%,PACS GROUP INC,PACS,1035231.00
0.05%,BRAZE INC CLASS A,BRZE,2064738.00
0.05%,WALKER & DUNLOP INC,WD,773858.00
0.05%,VOYAGER TECHNOLOGIES INC CLASS A,VOYG,1125137.00
0.05%,NETSTREIT CORP,NTST,1975969.00
0.05%,PROTO LABS INC,PRLB,559576.00
0.05%,PROGYNY INC,PGNY,1761248.00
0.05%,INNOVIVA INC,INVA,1761899.00
0.05%,SILA RLTY TR INC TRUST,SILA,1311897.00
0.05%,S AND T BANCORP INC,STBA,914409.00
0.05%,AGILYSYS INC,AGYS,607282.00
0.05%,SABLE OFFSHORE CORP CLASS A,SOC,2911473.00
0.05%,ECOVYST INC,ECVT,2670893.00
0.05%,SEZZLE INC,SEZL,385969.00
0.05%,HCI GROUP INC,HCI,255059.00
0.05%,STELLAR BANCORP INC,STEL,1088867.00
0.05%,SMARTSTOP SELF STORAGE REIT INC,SMA,1294716.00
0.05%,ENLIVEN THERAPEUTICS INC,ELVN,921819.00
0.05%,ALUMIS INC,ALMS,1604682.00
0.05%,TURNING POINT BRANDS INC,TPB,429474.00
0.05%,ADDUS HOMECARE CORP,ADUS,423846.00
0.05%,PROPETRO HOLDING CORP,PUMP,2297902.00
0.05%,CORVEL CORP,CRVL,678545.00
0.05%,UFP TECHNOLOGIES INC,UFPT,176427.00
0.05%,VERICEL CORP,VCEL,1176026.00
0.05%,FEDERAL AGRICULTURAL MORTGAGE NON,AGM,221822.00
0.05%,INTERFACE INC,TILE,1365012.00
0.05%,CITY HOLDING,CHCO,317092.00
0.05%,NELNET INC CLASS A,NNI,307176.00
0.05%,CENTRAL GARDEN AND PET CLASS A,CENTA,1134969.00
0.05%,PEBBLEBROOK HOTEL TRUST REIT,PEB,2694104.00
0.05%,PAGSEGURO DIGITAL LTD CLASS A,PAGS,4258074.00
0.05%,ELLINGTON FINANCIAL INC,EFC,2844352.00
0.05%,FIVE9 INC,FIVN,1840615.00
0.05%,HILLTOP HOLDINGS INC,HTH,1034539.00
0.05%,NURIX THERAPEUTICS INC,NRIX,2378648.00
0.05%,NATIONAL BANK HOLDINGS CORP CLASS,NBHC,917666.00
0.05%,AGIOS PHARMACEUTICALS INC,AGIO,1316373.00
0.05%,PURECYCLE TECHNOLOGIES INC,PCT,3045279.00
0.05%,INTERPARFUMS INC,IPAR,429917.00
0.05%,ASTRANA HEALTH INC,ASTH,960436.00
0.05%,GOODYEAR TIRE & RUBBER,GT,6473362.00
0.05%,CIMPRESS PLC,CMPR,401229.00
0.05%,ZIFF DAVIS INC,ZD,920811.00
0.05%,XENIA HOTELS RESORTS REIT INC,XHR,2279980.00
0.05%,DOUGLAS EMMETT REIT INC,DEI,3216345.00
0.05%,JOHN WILEY AND SONS INC CLASS A,WLY,946470.00
0.05%,GORMAN-RUPP,GRC,488542.00
0.05%,GREIF INC CLASS A,GEF,565967.00
0.05%,ALAMO GROUP INC,ALG,242612.00
0.05%,DAUCH CORPORATION,DCH,5348762.00
0.05%,SHOALS TECHNOLOGIES GROUP INC CLAS,SHLS,3948717.00
0.05%,BUCKLE INC,BKE,741250.00
0.05%,NEXTDECADE CORP,NEXT,4091161.00
0.05%,EVERTEC INC,EVTC,1556599.00
0.05%,PITNEY BOWES INC,PBI,2299446.00
0.05%,BANCO LATINOAMERICANO DE COMERCIO,BLX,672336.00
0.05%,ARDELYX INC,ARDX,5624428.00
0.05%,APOLLO COMMERCIAL REAL ESTATE FINA,ARI,3298209.00
0.05%,INNOVATIVE INDUSTRIAL PROPERTIES I,IIPR,657803.00
0.05%,STOKE THERAPEUTICS INC,STOK,1148213.00
0.05%,HEALTHCARE SERVICES GROUP INC,HCSG,1660656.00
0.05%,WORLD KINECT CORP,WKC,1278210.00
0.05%,TRICO BANCSHARES,TCBK,722491.00
0.05%,DORIAN LPG LTD,LPG,873020.00
0.05%,VERIS RESIDENTIAL INC,VRE,1874178.00
0.05%,SFL LTD,SFL,2822238.00
0.04%,ENVIRI CORP,NVRI,1791454.00
0.04%,LINCOLN EDUCATIONAL SERVICES CORP,LINC,692049.00
0.04%,TENNANT,TNC,424510.00
0.04%,ANI PHARMACEUTICALS INC,ANIP,442115.00
0.04%,FLUENCE ENERGY INC CLASS A,FLNC,1677208.00
0.04%,GERMAN AMERICAN BANCORP INC,GABC,831027.00
0.04%,MONARCH CASINO AND RESORT INC,MCRI,300096.00
0.04%,HARMONIC INC,HLIT,2624613.00
0.04%,ENOVIS CORP,ENOV,1336296.00
0.04%,GREENBRIER INC,GBX,718065.00
0.04%,HILLMAN SOLUTIONS CORP,HLMN,4657880.00
0.04%,IMAX CORP,IMAX,1021423.00
0.04%,BANDWIDTH INC CLASS A,BAND,666472.00
0.04%,NABORS INDUSTRIES LTD,NBR,334444.00
0.04%,HOPE BANCORP INC,HOPE,2890368.00
0.04%,ATLAS ENERGY SOLUTIONS INC,AESI,1823612.00
0.04%,REDWIRE CORP,RDW,2470972.00
0.04%,IVANHOE ELECTRIC INC,IE,2503537.00
0.04%,KODIAK SCIENCES INC,KOD,891562.00
0.04%,DIME COMMUNITY BANCSHARES INC,DCOM,941004.00
0.04%,PDF SOLUTIONS INC,PDFS,748429.00
0.04%,BANK FIRST CORP,BFC,238638.00
0.04%,QCR HOLDINGS INC,QCRH,384552.00
0.04%,AVEPOINT INC CLASS A,AVPT,3487006.00
0.04%,INTELLIA THERAPEUTICS INC,NTLA,2605732.00
0.04%,LA-Z-BOY INC,LZB,973603.00
0.04%,JETBLUE AIRWAYS CORP,JBLU,6966888.00
0.04%,TREVI THERAPEUTICS INC,TRVI,2241740.00
0.04%,TRIUMPH FINANCIAL INC,TFIN,529645.00
0.04%,REX AMERICAN RESOURCES CORP,REX,684452.00
0.04%,HAMILTON INSURANCE GROUP LTD CLASS,HG,1089209.00
0.04%,PAYONEER GLOBAL INC,PAYO,6864112.00
0.04%,LAKELAND FINANCIAL CORP,LKFN,574209.00
0.04%,VIRIDIAN THERAPEUTICS ORS INC,VRDN,1912967.00
0.04%,CLOVER HEALTH INVESTMENTS CORP CLA,CLOV,9552392.00
0.04%,CONNECTONE BANCORP INC,CNOB,1119629.00
0.04%,MIAMI INTERNATIONAL HOLDINGS INC,MIAX,581932.00
0.04%,NOVAVAX INC,NVAX,3537651.00
0.04%,PROCEPT BIOROBOTICS CORP,PRCT,1252776.00
0.04%,HELIX ENERGY SOLUTIONS GROUP INC,HLX,3253604.00
0.04%,MARQETA INC CLASS A,MQ,8535571.00
0.04%,CBIZ INC,CBZ,1156534.00
0.04%,TAYSHA GENE THERAPIES INC,TSHA,5200225.00
0.04%,RECURSION PHARMACEUTICALS INC CLAS,RXRX,10721256.00
0.04%,ORIGIN BANCORP INC,OBK,702056.00
0.04%,KOSMOS ENERGY LTD,KOS,11087294.00
0.04%,NATIONAL VISION HOLDINGS INC,EYE,1831847.00
0.04%,PROG HOLDINGS INC,PRG,943607.00
0.04%,TETRA TECHNOLOGIES INC,TTI,2989570.00
0.04%,O I GLASS INC,OI,3609507.00
0.04%,BLACKSKY TECHNOLOGY INC CLASS A,BKSY,748736.00
0.04%,ARRAY TECHNOLOGIES INC,ARRY,3701290.00
0.04%,ATRICURE INC,ATRC,1127292.00
0.04%,WORTHINGTON STEEL INC,WS,780051.00
0.04%,HARMONY BIOSCIENCES HLDG INC,HRMY,1027824.00
0.04%,PELAGOS INSURANCE CAPITAL LTD,PLGO,1344543.00
0.04%,KENNEDY WILSON HOLDINGS INC,KW,2855690.00
0.04%,1ST SOURCE CORP,SRCE,437193.00
0.04%,HERBALIFE LTD,HLF,2408083.00
0.04%,FORTREA HOLDINGS INC,FTRE,2199171.00
0.04%,BLACKLINE INC,BL,1162845.00
0.04%,SLIDE INSURANCE HOLDINGS INC,SLDE,1667920.00
0.04%,AMBIQ MICRO INC,AMBQ,423459.00
0.04%,EXPRO GROUP HOLDINGS NV,XPRO,1929629.00
0.04%,UNIVERSAL CORP,UVV,572633.00
0.04%,TWO HARBORS INVESTMENT CORP,TWO,2444113.00
0.04%,LIFESTANCE HEALTH GROUP INC,LFST,3882593.00
0.04%,CAPRICOR THERAPEUTICS INC,CAPR,1021928.00
0.04%,KOHLS CORP,KSS,2552903.00
0.04%,WILLDAN GROUP INC,WLDN,331782.00
0.04%,MINERALYS THERAPEUTICS INC,MLYS,1115421.00
0.04%,SYLVAMO CORP,SLVM,784779.00
0.04%,CENTURY COMMUNITIES INC,CCS,597273.00
0.04%,NAPCO SECURITY TECHNOLOGIES INC,NSSC,809317.00
0.04%,NPK INTERNATIONAL INC,NPKI,1930312.00
0.04%,LIVE OAK BANCSHARES INC,LOB,836429.00
0.04%,ARLO TECHNOLOGIES INC,ARLO,2375318.00
0.04%,ORCHID ISLAND CAPITAL INC,ORC,4347830.00
0.04%,TRIMAS CORP,TRS,749979.00
0.04%,SELLAS LIFE SCIENCES GROUP INC,SLS,4038264.00
0.04%,SKYWATER TECHNOLOGY INC,SKYT,835628.00
0.04%,WESTAMERICA BANCORPORATION,WABC,549520.00
0.04%,AMYLYX PHARMACEUTICALS INC,AMLX,2142116.00
0.04%,INGLES MARKETS INC CLASS A,IMKTA,344282.00
0.04%,LEGGETT & PLATT INC,LEG,3124328.00
0.04%,PROASSURANCE CORP,PRA,1200905.00
0.04%,YELP INC,YELP,1393774.00
0.04%,WOLVERINE WORLD WIDE INC,WWW,1919545.00
0.04%,ENACT HOLDINGS INC,ACT,676544.00
0.04%,CASH COLLATERAL MSFUT USD,MSFUT,29023000.00
0.04%,PENNANT GROUP INC,PNTG,785622.00
0.04%,GLOBAL BUSINESS TRAVEL GROUP INC C,GBTG,3066941.00
0.04%,BRISTOW GROUP INC,VTOL,670277.00
0.04%,UMH PROPERTIES INC,UMH,1878645.00
0.04%,VISHAY PRECISION GROUP INC,VPG,283694.00
0.04%,ENOVIX CORP,ENVX,4510347.00
0.04%,CARTERS INC,CRI,839218.00
0.04%,RLJ LODGING TRUST REIT,RLJ,3112007.00
0.04%,PERELLA WEINBERG PARTNERS CLASS A,PWP,1533470.00
0.04%,ZYMEWORKS INC,ZYME,1171345.00
0.04%,TRINET GROUP INCINARY,TNET,707521.00
0.04%,UROGEN PHARMA LTD,URGN,943245.00
0.04%,IOVANCE BIOTHERAPEUTICS INC,IOVA,7922156.00
0.04%,INTAPP INC,INTA,1336807.00
0.04%,BRIGHTSTAR LOTTERY PLC,BRSL,2492276.00
0.04%,FRESH DEL MONTE PRODUCE INC,FDP,784977.00
0.04%,SALLY BEAUTY HOLDINGS INC,SBH,2336393.00
0.04%,ARTERIS INC,AIP,739949.00
0.04%,TELADOC HEALTH INC,TDOC,4176939.00
0.04%,BLACKBAUD INC,BLKB,884114.00
0.04%,SONIC AUTOMOTIVE INC CLASS A,SAH,354517.00
0.03%,PEOPLES BANCORP INC,PEBO,825809.00
0.03%,LADDER CAPITAL CORP CLASS A,LADR,2745816.00
0.03%,MERCHANTS BANCORP,MBIN,609417.00
0.03%,AMN HEALTHCARE INC,AMN,905480.00
0.03%,UNITED STATES LIME AND MINERALS IN,USLM,254685.00
0.03%,T1 ENERGY INC,TE,4774949.00
0.03%,FIRST ADVANTAGE CORP,FA,1850119.00
0.03%,CENTERSPACE,CSR,401251.00
0.03%,RYERSON HOLDING CORP,RYZ,1040511.00
0.03%,C3 AI INC CLASS A,AI,3002012.00
0.03%,ANAPTYSBIO INC,ANAB,434064.00
0.03%,GREEN PLAINS INC,GPRE,1615916.00
0.03%,ASTEC INDUSTRIES INC,ASTE,538102.00
0.03%,ALKAMI TECHNOLOGY INC,ALKT,1612617.00
0.03%,UNITED STATES ANTIMONY CORP,UAMY,2799654.00
0.03%,CONMED CORP,CNMD,736609.00
0.03%,ADTRAN HOLDINGS INC,ADTN,1752040.00
0.03%,GIBRALTAR INDUSTRIES INC,ROCK,702629.00
0.03%,TOMPKINS FINANCIAL CORP,TMP,319853.00
0.03%,NUVATION BIO INC CLASS A,NUVB,5629817.00
0.03%,MONTE ROSA THERAPEUTICS INC,GLUE,1418508.00
0.03%,PROGRESS SOFTWARE CORP,PRGS,988140.00
0.03%,NORDIC AMERICAN TANKERS LTD,NAT,4800648.00
0.03%,ICF INTERNATIONAL INC,ICFI,433086.00
0.03%,SURGERY PARTNERS INC,SGRY,1818994.00
0.03%,AMERICAN ASSETS TRUST REIT INC,AAT,1262377.00
0.03%,VESTIS CORP,VSTS,2159927.00
0.03%,RAPPORT THERAPEUTICS INC,RAPP,691384.00
0.03%,TECNOGLASS INC,TGLS,636139.00
0.03%,COURSERA INC,COUR,5118866.00
0.03%,LINDSAY CORP,LNN,244302.00
0.03%,AVANOS MEDICAL INC,AVNS,1052167.00
0.03%,NANO NUCLEAR ENERGY INC,NNE,943422.00
0.03%,COMSTOCK RESOURCES INC,CRK,1742591.00
0.03%,CHIMERA INVESTMENT CORP,CIM,1944143.00
0.03%,ADAPTHEALTH CORP,AHCO,2405707.00
0.03%,TRIPADVISOR INC,TRIP,2688969.00
0.03%,STAAR SURGICAL,STAA,805530.00
0.03%,UNIVEST FINANCIAL CORP,UVSP,676271.00
0.03%,COLLEGIUM PHARMACEUTICAL INC,COLL,738364.00
0.03%,G III APPAREL GROUP LTD,GIII,863253.00
0.03%,STEPAN,SCL,507381.00
0.03%,ALLIANCE LAUNDRY HOLDINGS INC,ALH,1033998.00
0.03%,AMERESCO INC CLASS A,AMRC,762617.00
0.03%,NWPX INFRASTRUCTURE INC,NWPX,222731.00
0.03%,XPEL INC,XPEL,594535.00
0.03%,F&G ANNUITIES AND LIFE INC,FG,882812.00
0.03%,INNOVEX INTERNATIONAL INC,INVX,912996.00
0.03%,NEOGENOMICS INC,NEO,3012640.00
0.03%,FIGS INC CLASS A,FIGS,2099748.00
0.03%,PAPA JOHNS INTERNATIONAL INC,PZZA,764473.00
0.03%,WINMARK CORP,WINA,68773.00
0.03%,INHIBRX BIOSCIENCES INC,INBX,214134.00
0.03%,SAFETY INSURANCE GROUP INC,SAFT,349468.00
0.03%,J AND J SNACK FOODS CORP,JJSF,351364.00
0.03%,UNITED FIRE GROUP INC,UFCS,505834.00
0.03%,BIOHAVEN LTD,BHVN,2750663.00
0.03%,ENERGIZER HOLDINGS INC,ENR,1474541.00
0.03%,INSPERITY INC,NSP,850577.00
0.03%,OCEANFIRST FINANCIAL CORP,OCFC,1325119.00
0.03%,ALPHA AND OMEGA SEMICONDUCTOR LTD,AOSL,595939.00
0.03%,OLD SECOND BANCORP INC,OSBC,1181400.00
0.03%,COMMUNITY TRUST BANCORP INC,CTBI,376793.00
0.03%,CVR ENERGY INC,CVI,733753.00
0.03%,DELUXE CORP,DLX,1049493.00
0.03%,GRAHAM CORP,GHM,245625.00
0.03%,LIBERTY LATIN AMERICA LTD CLASS C,LILAK,3138149.00
0.03%,MILLERKNOLL INC,MLKN,1621595.00
0.03%,CAREDX INC,CDNA,1181447.00
0.03%,BYLINE BANCORP INC,BY,742450.00
0.03%,USA TODAY INC,TDAY,3321140.00
0.03%,EYEPOINT INC,EYPT,1821213.00
0.03%,KALVISTA PHARMACEUTICALS INC,KALV,899521.00
0.03%,DOUGLAS DYNAMICS INC,PLOW,530469.00
0.03%,TRONOX HOLDINGS PLC,TROX,2807329.00
0.03%,DIVERSIFIED ENERGY COMPANY,DEC,1480990.00
0.03%,XERIS BIOPHARMA HOLDINGS INC,XERS,3731964.00
0.03%,PIEDMONT REALTY TRUST INC CLASS A,PDM,2955583.00
0.03%,SCANSOURCE INC,SCSC,552888.00
0.03%,UNIVERSAL INSURANCE HOLDINGS INC,UVE,607296.00
0.03%,CEVA INC,CEVA,622742.00
0.03%,RED CAT HOLDINGS INC,RCAT,2417994.00
0.03%,MFA FINANCIAL INC,MFA,2468442.00
0.03%,MBX BIOSCIENCES INC,MBX,665733.00
0.03%,ARBOR REALTY TRUST REIT INC,ABR,4031279.00
0.03%,ARTIVION INC,AORT,1022470.00
0.03%,UPWORK INC,UPWK,2899496.00
0.03%,THE REALREAL INC,REAL,2504597.00
0.03%,NCR VOYIX CORP,VYX,3379501.00
0.03%,FIREFLY AEROSPACE INC,FLY,550422.00
0.03%,DOLE PLC,DOLE,1618821.00
0.03%,DONNELLEY FINANCIAL SOLUTIONS INC,DFIN,598843.00
0.03%,BURKE HERBERT FINANCIAL SERVICES C,BHRB,373047.00
0.03%,THE SIMPLY GOOD FOODS COMPANY,SMPL,2012496.00
0.03%,EASTERLY GOVERNMENT PROPERTIES INC,DEA,1008055.00
0.03%,MANNKIND CORP,MNKD,7190802.00
0.03%,INTEGRA LIFESCIENCES HOLDINGS CORP,IART,1586446.00
0.03%,FLEX LNG LTD,FLNG,720266.00
0.03%,AGILON HEALTH,AGL,292093.00
0.03%,BURFORD CAPITAL LTD,BUR,4726236.00
0.03%,HARROW INC,HROW,741106.00
0.03%,WEIS MARKETS INC,WMK,321175.00
0.03%,PENNYMAC MORTGAGE INVESTMENT TRUST,PMT,2181095.00
0.03%,US PHYSICAL THERAPY INC,USPH,348912.00
0.03%,WAVE LIFE SCIENCES LTD,WVE,3283485.00
0.03%,OLEMA PHARMACEUTICALS INC,OLMA,1639428.00
0.03%,TANDEM DIABETES CARE INC,TNDM,1596433.00
0.03%,UNITED PARKS AND RESORTS INC,PRKS,635959.00
0.03%,PACIRA BIOSCIENCES INC,PCRX,955215.00
0.03%,ACV AUCTIONS INC CLASS A,ACVA,3918543.00
0.03%,KOPIN CORP,KOPN,4037801.00
0.03%,AMALGAMATED FINANCIAL CORP,AMAL,550876.00
0.03%,AMERICAN PUBLIC EDUCATION INC,APEI,408178.00
0.03%,VIRTUS INVESTMENT PARTNERS INC,VRTS,156057.00
0.03%,TYRA BIOSCIENCES INC,TYRA,607342.00
0.03%,COMPASS MINERALS INTERNATIONAL INC,CMP,735271.00
0.03%,GENTHERM INC,THRM,703822.00
0.03%,FIRST MID BANCSHARES INC,FMBH,517755.00
0.03%,MIDDLESEX WATER,MSEX,421441.00
0.03%,SOUTHSIDE BANCSHARES INC,SBSI,673881.00
0.03%,STRIVE INC CLASS A,ASST,1229055.00
0.03%,PALVELLA THERAPEUTICS INC,PVLA,182914.00
0.03%,TRUSTCO BANK CORP,TRST,443279.00
0.03%,SERVICE PROPERTIES TRUST,SVC,12858364.00
0.03%,ALLIENT INC,ALNT,339697.00
0.03%,CAPITOL FEDERAL FINANCIAL INC,CFFN,2823438.00
0.03%,HANMI FINANCIAL CORP,HAFC,733279.00
0.03%,BRIGHTVIEW HOLDINGS INC,BV,1682994.00
0.03%,UPBOUND GROUP INC,UPBD,1232002.00
0.03%,GENIUS SPORTS LTD,GENI,5154184.00
0.03%,PORCH GROUP INC,PRCH,2056332.00
0.03%,OMEROS CORP,OMER,1613632.00
0.03%,PREFORMED LINE PRODUCTS,PLPC,60503.00
0.03%,HERITAGE FINANCIAL CORP,HFWA,806576.00
0.03%,ARRIVENT BIOPHARMA INC,AVBP,751204.00
0.03%,MASTERBRAND INC,MBC,2961015.00
0.03%,COASTAL FINANCIAL CORP,CCB,302959.00
0.03%,LGI HOMES INC,LGIH,481354.00
0.03%,CBL ASSOCIATES PROPERTIES INC,CBL,454055.00
0.03%,MARTEN TRANSPORT LTD,MRTN,1350557.00
0.03%,PURSUIT ATTRACTIONS AND HOSPITALIT,PRSU,494423.00
0.03%,UNITIL CORP,UTL,409834.00
0.03%,JBG SMITH PROPERTIES,JBGS,1423120.00
0.03%,EVOLV TECHNOLOGIES HOLDINGS INC CL,EVLV,3639905.00
0.03%,GIGACLOUD TECHNOLOGY INC CLASS A,GCT,562518.00
0.03%,ALPHATEC HOLDNGS INC,ATEC,2740450.00
0.03%,CRA INTERNATIONAL INC,CRAI,149106.00
0.03%,CORVUS PHARMACEUTICALS INC,CRVS,1512164.00
0.03%,WHITESTONE REIT,WSR,1086592.00
0.03%,NORTHEAST BANK,NBN,174346.00
0.03%,EXCELERATE ENERGY INC CLASS A,EE,569383.00
0.03%,BIOLIFE SOLUTIONS INC,BLFS,978715.00
0.03%,CNB FINANCIAL CORP,CCNE,677601.00
0.03%,CULLINAN THERAPEUTICS INC,CGEM,1272142.00
0.03%,QUANEX BUILDING PRODUCTS CORP,NX,1073044.00
0.03%,GOOSEHEAD INSURANCE INC CLASS A,GSHD,555381.00
0.03%,VERTEX INC CLASS A,VERX,1646345.00
0.03%,MYERS INDUSTRIES INC,MYE,869139.00
0.03%,RUMBLE INC CLASS A,RUM,2490467.00
0.03%,CADRE HOLDINGS INC,CDRE,662997.00
0.03%,INDIE SEMICONDUCTOR INC CLASS A,INDI,4675085.00
0.03%,IDT CORP CLASS B,IDT,379461.00
0.03%,HORIZON BANCORP INC,HBNC,1119418.00
0.03%,VIR BIOTECHNOLOGY INC,VIR,2196891.00
0.03%,CENTRAL PACIFIC FINANCIAL CORP,CPF,580182.00
0.03%,AEVA TECHNOLOGIES INC,AEVA,933229.00
0.03%,MERCANTILE BANK CORP,MBWM,386238.00
0.02%,SAFEHOLD INC,SAFE,1343118.00
0.02%,EMPLOYERS HOLDINGS INC,EIG,472650.00
0.02%,PAGAYA TECHNOLOGIES LTD CLASS A,PGY,1439240.00
0.02%,NATIONAL BEVERAGE CORP,FIZZ,557601.00
0.02%,BUSINESS FIRST BANCSHARES INC,BFST,719568.00
0.02%,XENCOR INC,XNCR,1643043.00
0.02%,TRUPANION INC,TRUP,873153.00
0.02%,AMERANT BANCORP INC CLASS A,AMTB,859872.00
0.02%,PRECIGEN INC,PGEN,4231132.00
0.02%,LIFE360 INC,LIF,484569.00
0.02%,COMPASS DIVERSIFIED,CODI,1595064.00
0.02%,MATTHEWS INTERNATIONAL CORP CLASS,MATW,704184.00
0.02%,SCHOLASTIC CORP,SCHL,487458.00
0.02%,FIRSTSUN CAPITAL BANCORP,FSUN,543982.00
0.02%,GUARDIAN PHARMACY SERVICES INC CLA,GRDN,525932.00
0.02%,WINNEBAGO INDUSTRIES INC,WGO,635623.00
0.02%,KOPPERS HOLDINGS INC,KOP,447552.00
0.02%,STANDARD MOTOR PRODUCTS INC,SMP,492241.00
0.02%,BUTTERFLY NETWORK INC CLASS A,BFLY,4619912.00
0.02%,PC CONNECTION INC,CNXN,294172.00
0.02%,SHENANDOAH TELECOMMUNICATIONS,SHEN,1171828.00
0.02%,METROPOLITAN BANK HOLDING CORP,MCB,212602.00
0.02%,BJS RESTAURANTS INC,BJRI,450812.00
0.02%,ERMENEGILDO ZEGNA NV,ZGN,1465979.00
0.02%,LIMBACH HOLDINGS INC,LMB,247709.00
0.02%,CAMDEN NATIONAL CORP,CAC,390221.00
0.02%,COSTAMARE INC,CMRE,1054226.00
0.02%,DAKTRONICS INC,DAKT,932684.00
0.02%,FIRST FINANCIAL CORPORATION CORP,THFF,278383.00
0.02%,JADE BIOSCIENCES INC,JBIO,762382.00
0.02%,COGENT COMMUNICATIONS HOLDINGS INC,CCOI,1142073.00
0.02%,OIL DRI CORPORATION OF AMERICA,ODC,234703.00
0.02%,GENCO SHIPPING AND TRADING LTD,GNK,740942.00
0.02%,EMPIRE STATE REALTY REIT INC TRUST,ESRT,3358091.00
0.02%,KURA ONCOLOGY INC,KURA,1877464.00
0.02%,LSB INDUSTRIES INC,LXU,1263351.00
0.02%,GOLD INC,GOLD,449437.00
0.02%,SAVARA INC,SVRA,3459261.00
0.02%,LIQUIDITY SERVICES INC,LQDT,544655.00
0.02%,FARMERS NATIONAL BANC CORP,FMNB,1309297.00
0.02%,APOGEE ENTERPRISES INC,APOG,503068.00
0.02%,QUIDELORTHO CORP,QDEL,1582858.00
0.02%,ADAMAS INC TRUST,ADAM,2018708.00
0.02%,PATRIA INVESTMENTS LTD CLASS A,PAX,1557900.00
0.02%,EVERFORTH INC,EFOR,1005752.00
0.02%,NB BANCORP INC,NBBK,916650.00
0.02%,ETON PHARMACEUTCIALS INC,ETON,598926.00
0.02%,APPIAN CORP CLASS A,APPN,929632.00
0.02%,ABSCI CORP,ABSI,3217789.00
0.02%,GERON CORP,GERN,12719065.00
0.02%,BRIGHTSPIRE CAPITAL INC CLASS A,BRSP,3080651.00
0.02%,ESQUIRE FINANCIAL HOLDINGS INC,ESQ,168631.00
0.02%,BROOKFIELD BUSINESS CORP CLASS A,BBUC,541049.00
0.02%,FRANKLIN BSP REALTY TRUST INC,FBRT,1935902.00
0.02%,EDGEWELL PERSONAL CARE,EPC,1057172.00
0.02%,DRIVEN BRANDS HOLDINGS INC,DRVN,1404844.00
0.02%,REVOLVE GROUP CLASS A INC,RVLV,950445.00
0.02%,ESPERION THERAPEUTICS INC,ESPR,5625051.00
0.02%,TOOTSIE ROLL INDUSTRIES INC,TR,434503.00
0.02%,PHIBRO ANIMAL HEALTH CORP CLASS A,PAHC,484431.00
0.02%,LINDBLAD EXPEDITIONS HOLDINGS INC,LIND,899948.00
0.02%,HOMETRUST BANCSHARES INC,HTB,378503.00
0.02%,TALKSPACE INC,TALK,3339198.00
0.02%,GENEDX HOLDINGS CORP CLASS A,WGS,444257.00
0.02%,LEGALZOOM COM INC,LZ,2918415.00
0.02%,SATELLOGIC INC CLASS A,SATL,1982007.00
0.02%,BARRETT BUSINESS SERVICES INC,BBSI,583707.00
0.02%,NATIONAL PRESTO INDUSTRIES INC,NPK,122392.00
0.02%,BKV CORP,BKV,595707.00
0.02%,GROCERY OUTLET HOLDING CORP,GO,2214774.00
0.02%,EQUITY BANCSHARES INC CLASS A,EQBK,378460.00
0.02%,MARCUS & MILLICHAP INC,MMI,585520.00
0.02%,NETGEAR INC,NTGR,651677.00
0.02%,TEEKAY CORPORATION CORP LTD,TK,1273004.00
0.02%,SWEETGREEN INC CLASS A,SG,2427855.00
0.02%,TRANSCAT INC,TRNS,216023.00
0.02%,MISTER CAR WASH INC,MCW,2344972.00
0.02%,ANNEXON INC,ANNX,3095472.00
0.02%,SCHRODINGER INC,SDGR,1317543.00
0.02%,GREEN DOT CORP CLASS A,GDOT,1285486.00
0.02%,MAZE THERAPEUTICS INC,MAZE,624587.00
0.02%,NAVAN INC CLASS A,NAVN,890510.00
0.02%,MECHANICS BANCORP CLASS A,MCHB,1128585.00
0.02%,ROOT INC CLASS A,ROOT,291306.00
0.02%,IRADIMED CORP,IRMD,189388.00
0.02%,KFORCE INC,KFRC,416877.00
0.02%,AMC ENTERTAINMENT HOLDINGS INC CLA,AMC,12278080.00
0.02%,EAGLE BANCORP INC,EGBN,655978.00
0.02%,BIT DIGITAL INC,BTBT,7697276.00
0.02%,HERTZ GLOBAL HLDGS INC,HTZ,2801606.00
0.02%,SIONNA THERAPEUTICS INC,SION,381515.00
0.02%,PREFERRED BANK,PFBC,178651.00
0.02%,NIOCORP DEVELOPMENTS LTD,NB,2762975.00
0.02%,ENHABIT INC,EHAB,1172625.00
0.02%,BLOOMIN BRANDS INC,BLMN,1986908.00
0.02%,CARDINAL INFRASTRUCTURE GROUP INC,CDNL,295400.00
0.02%,JANUS INTERNATIONAL GROUP INC,JBI,3212779.00
0.02%,GCM GROSVENOR INC CLASS A,GCMG,1448870.00
0.02%,INDEPENDENT BANK CORP,IBCP,481274.00
0.02%,AZENTA INC,AZTA,953879.00
0.02%,FIRST COMMUNITY BANKSHARES INC,FCBC,380817.00
0.02%,ASP ISOTOPES INC,ASPI,2626015.00
0.02%,NAVIGATOR HOLDINGS LTD,NVGS,673610.00
0.02%,CRITICAL METALS CORP,CRML,1371621.00
0.02%,SMITH WESSON BRANDS INC,SWBI,1044505.00
0.02%,FOX FACTORY HOLDING CORP,FOXF,979032.00
0.02%,SUNCOKE ENERGY INC,SXC,1995170.00
0.02%,METALLUS INC,MTUS,863983.00
0.02%,LSI INDUSTRIES INC,LYTS,653125.00
0.02%,ORRSTOWN FINANCIAL SERVICES INC,ORRF,436856.00
0.02%,REDWOOD TRUST REIT INC,RWT,2990667.00
0.02%,SOUTHERN MISSOURI BANCORP INC,SMBC,232454.00
0.02%,METROCITY BANKSHARES INC,MCBS,496722.00
0.02%,FINANCIAL INSTITUTIONS INC,FISI,457976.00
0.02%,STAGWELL INC CLASS A,STGW,2561994.00
0.02%,PEAPACK GLADSTONE FINANCIAL CORP,PGC,374723.00
0.02%,RACKSPACE TECHNOLOGY INC,RXT,2134780.00
0.02%,IDAHO STRATEGIC RESOURCES INC,IDR,349036.00
0.02%,HALLADOR ENERGY,HNRG,802721.00
0.02%,FIVE STAR BANCORP,FSBC,380025.00
0.02%,NUTEX HEALTH INC,NUTX,121397.00
0.02%,ARBUTUS BIOPHARMA CORP,ABUS,3554693.00
0.02%,MARINEMAX INC,HZO,453369.00
0.02%,NEXPOINT RESIDENTIAL TRUST INC,NXRT,536095.00
0.02%,BICARA THERAPEUTICS INC,BCAX,744487.00
0.02%,ZEVRA THERAPEUTICS INC,ZVRA,1314084.00
0.02%,REPUBLIC BANCORP INC CLASS A,RBCAA,199860.00
0.02%,INVESCO MORTGAGE CAPITAL REIT INC,IVR,1894366.00
0.02%,CAPITAL CITY BANK INC,CCBG,331060.00
0.02%,SENECA FOODS CORP CLASS A,SENEA,111467.00
0.02%,CRYOPORT INC,CYRX,1152771.00
0.02%,CRACKER BARREL OLD COUNTRY STORE I,CBRL,521799.00
0.02%,ARDMORE SHIPPING CORP,ASC,810922.00
0.02%,FIRST WATCH RESTAURANT GROUP INC,FWRG,1403115.00
0.02%,ANTERIX INC,ATEX,266324.00
0.02%,HEARTFLOW INC,HTFL,467631.00
0.02%,THERAVANCE BIOPHARMA INC,TBPH,910316.00
0.02%,HUDSON PACIFIC PROPERTIES REIT INC,HPP,1273120.00
0.02%,CORE LABORATORIES INC,CLB,1100486.00
0.02%,RPC INC,RES,2090547.00
0.02%,AMPHASTAR PHARMACEUTICALS INC,AMPH,849410.00
0.02%,BEAZER HOMES INC,BZH,639233.00
0.02%,RAMACO RESOURCES INC CLASS A,METC,966249.00
0.02%,PARK AEROSPACE CORP,PKE,426883.00
0.02%,CTO REALTY GROWTH INC,CTO,729155.00
0.02%,VAALCO ENERGY INC,EGY,2436565.00
0.02%,KIMBALL ELECTRONICS INC,KE,579583.00
0.02%,JANUX THERAPEUTICS INC,JANX,1004393.00
0.02%,MID PENN BANCORP INC,MPB,457736.00
0.02%,CUSTOM TRUCK ONE SOURCE INC,CTOS,1430937.00
0.02%,CARRIAGE SERVICES INC,CSV,330044.00
0.02%,CARTER BANKSHARES INC,CARE,532819.00
0.02%,ALERUS FINANCIAL CORP,ALRS,538186.00
0.02%,EASTMAN KODAK,KODK,1512353.00
0.02%,SHORE BANCSHARES INC,SHBI,737377.00
0.02%,QUINSTREET INC,QNST,1284137.00
0.02%,MITEK SYSTEMS INC,MITK,1054481.00
0.02%,SMARTFINANCIAL INC,SMBK,348596.00
0.02%,PHATHOM PHARMACEUTICALS INC,PHAT,1090232.00
0.02%,AMPLITUDE INC CLASS A,AMPL,2319547.00
0.02%,LB PHARMACEUTICALS INC,LBRX,452118.00
0.02%,SEPTERNA INC,SEPN,500907.00
0.02%,GLADSTONE COMMERCIAL REIT CORP,GOOD,1137561.00
0.02%,DAILY JOURNAL CORP,DJCO,29796.00
0.02%,FORUM ENERGY TECHNOLOGIES INC,FET,250752.00
0.02%,TARGET HOSPITALITY CORP,TH,767045.00
0.02%,SUMMIT HOTEL PROPERTIES REIT INC,INN,2599792.00
0.02%,PAGERDUTY INC,PD,2084848.00
0.02%,RAYONIER ADVANCED MATERIALS INC,RYAM,1509858.00
0.02%,CORMEDIX INC,CRMD,1764875.00
0.02%,ARROW FINANCIAL CORP,AROW,390312.00
0.02%,SABRE CORP,SABR,8821105.00
0.02%,TPG RE FINANCE TRUST INC,TRTX,1688690.00
0.02%,IRONWOOD PHARMA INC CLASS A,IRWD,3775821.00
0.02%,ACCEL ENTERTAINMENT INC CLASS A,ACEL,1183759.00
0.02%,FLOWCO HOLDINGS INC CLASS A,FLOC,513500.00
0.02%,KESTRA MEDICAL TECHNOLOGIES LTD,KMTS,624325.00
0.02%,IHEARTMEDIA INC CLASS A,IHRT,2885821.00
0.02%,ORION GROUP INC,ORN,886967.00
0.02%,WASHINGTON TRUST BANCORP INC,WASH,438631.00
0.02%,ADVANSIX INC,ASIX,628454.00
0.02%,OXFORD INDUSTRIES INC,OXM,337359.00
0.02%,CASS INFORMATION SYSTEMS INC,CASS,298598.00
0.02%,RIGEL PHARMACEUTICALS INC,RIGL,427219.00
0.02%,HEARTLAND EXPRESS INC,HTLD,1038075.00
0.02%,PAR TECHNOLOGY CORP,PAR,935792.00
0.02%,ANTERIS TECHNOLOGIES GLOBAL CORP,AVR,1876422.00
0.02%,JOHN B SANFILIPPO AND SON INC,JBSS,181737.00
0.02%,POSTAL REALTY TRUST INC CLASS A,PSTL,590092.00
0.02%,REZOLVE AI PLC,RZLV,5157721.00
0.02%,SERVE ROBOTICS INC,SERV,1542958.00
0.02%,RUSH ENTERPRISES INC CLASS B,RUSHB,206612.00
0.02%,PRA GROUP INC,PRAA,913737.00
0.02%,GREAT SOUTHERN BANCORP INC,GSBC,196840.00
0.02%,NAVIENT CORP,NAVI,1642476.00
0.02%,AMERISAFE INC,AMSF,437078.00
0.02%,BIOAGE LABS INC,BIOA,713455.00
0.02%,DAKOTA GOLD CORP,DC,2126107.00
0.02%,SPRINKLR INC CLASS A,CXM,2684194.00
0.02%,HERITAGE INSURANCE HOLDINGS INC,HRTG,588308.00
0.02%,MAPLIGHT THERAPEUTICS INC,MPLT,450124.00
0.02%,STURM RUGER INC,RGR,330158.00
0.02%,CONSENSUS CLOUD SOLUTIONS INC,CCSI,453239.00
0.02%,SI BONE INC,SIBN,899019.00
0.02%,ARDAGH METAL PACKAGING SA,AMBP,3254665.00
0.02%,ENTRAVISION COMMUNICATIONS CORP CL,EVC,1470159.00
0.02%,BAR HARBOR BANKSHARES,BHB,381920.00
0.02%,SINCLAIR INC CLASS A,SBGI,919034.00
0.02%,OMADA HEALTH INC,OMDA,780211.00
0.02%,BETA TECHNOLOGIES INC CLASS A,BETA,778029.00
0.02%,CARS.COM INC,CARS,1249299.00
0.02%,ORIC PHARMACEUTICALS INC,ORIC,1547552.00
0.02%,MIDLAND STATES BANCORP INC,MSBI,473274.00
0.02%,HEALTHSTREAM INC,HSTM,561584.00
0.02%,CANNAE HOLDINGS INC,CNNE,974051.00
0.02%,RILEY EXPLORATION PERMIAN INC,REPX,349304.00
0.02%,CASTLE BIOSCIENCES INC,CSTL,673433.00
0.02%,BRIGHT MINDS BIOSCIENCES INC,DRUG,163613.00
0.02%,COVENANT LOGISTICS GROUP INC CLASS,CVLG,371151.00
0.02%,PEOPLES FINANCIAL SERVICES CORP,PFIS,218753.00
0.02%,SPIRE GLOBAL INC CLASS A,SPIR,692290.00
0.02%,WILLIS LEASE FINANCE CORP,WLFC,66187.00
0.02%,HELEN OF TROY LTD,HELE,535349.00
0.02%,UNIVERSAL HEALTH REALTY INCOME TRU,UHT,306745.00
0.02%,AH REALTY INC,AHRT,1907980.00
0.02%,VITESSE ENERGY INC,VTS,685277.00
0.02%,MESA LABORATORIES INC,MLAB,123912.00
0.02%,MISSION PRODUCE INC,AVO,1001619.00
0.02%,COLUMBIA FINANCIAL INC,CLBK,627564.00
0.02%,AMERICAN WOODMARK CORP,AMWD,342404.00
0.02%,SOLID POWER INC CLASS A,SLDP,4139825.00
0.02%,SANA BIOTECHNOLOGY INC,SANA,3926675.00
0.02%,ARVINAS INC,ARVN,1308201.00
0.02%,BRANDYWINE REALTY TRUST REIT,BDN,4010943.00
0.02%,YORK SPACE SYSTEMS INC,YSS,423658.00
0.02%,ACNB CORP,ACNB,232985.00
0.02%,FORESTAR GROUP INC,FOR,462289.00
0.02%,RED VIOLET INC,RDVT,268395.00
0.02%,MAMAS CREATIONS INC,MAMA,859884.00
0.02%,MILLER INDUSTRIES INC,MLR,256697.00
0.02%,NORTHFIELD BANCORP INC,NFBK,860810.00
0.02%,FTAI INFRASTRUCTURE INC,FIP,2544788.00
0.02%,UTZ BRANDS INC CLASS A,UTZ,1703609.00
0.02%,TACTILE SYSTEMS TECHNOLOGY INC,TCMD,524290.00
0.02%,CLEARFIELD INC,CLFD,268858.00
0.02%,NORTHRIM BANCORP INC,NRIM,508970.00
0.02%,OIL STATES INTERNATIONAL INC,OIS,1321660.00
0.02%,ARKO,ARKO,1678298.00
0.02%,COMMUNITY WEST BANCSHARES,CWBC,508419.00
0.02%,PHREESIA INC,PHR,1355353.00
0.02%,ALEXANDERS REIT INC,ALX,51344.00
0.02%,ASANA INC CLASS A,ASAN,2039025.00
0.01%,BIOVENTUS CLASS A INC,BVS,1108363.00
0.01%,MALIBU BOATS CLASS A INC,MBUU,431040.00
0.01%,ONTERRIS INC,ONT,773065.00
0.01%,FLUSHING FINANCIAL CORP,FFIC,744733.00
0.01%,SIERRA BANCORP,BSRR,312823.00
0.01%,INSTEEL INDUSTRIES INC,IIIN,437077.00
0.01%,EVERQUOTE INC CLASS A,EVER,673016.00
0.01%,SOUTH PLAINS FINANCIAL INC,SPFI,298652.00
0.01%,RIDGEPOST CAPITAL INC CLASS A,RPC,1365684.00
0.01%,HOVNANIAN ENTERPRISES INC CLASS A,HOV,113008.00
0.01%,SANDRIDGE ENERGY INC,SD,763428.00
0.01%,CHATHAM LODGING TRUST REIT,CLDT,1149057.00
0.01%,COOPER STANDARD HOLDINGS INC,CPS,398505.00
0.01%,HIPPO HOLDINGS INC,HIPO,428010.00
0.01%,THIRD COAST BANCSHARES INC,TCBX,308958.00
0.01%,ENNIS INC,EBF,559725.00
0.01%,BOWHEAD SPECIALTY HOLDINGS INC,BOW,413866.00
0.01%,ORTHOFIX MEDICAL INC,OFIX,917241.00
0.01%,AQUESTIVE THERAPEUTICS INC,AQST,2383282.00
0.01%,PULSE BIOSCIENCES INC,PLSE,415511.00
0.01%,CONTANGO SILVER AND GOLD INC,CTGO,455810.00
0.01%,GREENLIGHT CAPITAL LTD CLASS A,GLRE,648421.00
0.01%,MONRO INC,MNRO,688448.00
0.01%,ONESPAN INC,OSPN,921098.00
0.01%,CIVISTA BANCSHARES INC,CIVB,457753.00
0.01%,MARAVAI LIFESCIENCES HOLDINGS INC,MRVI,2605806.00
0.01%,COMMUNITY HEALTHCARE TRUST INC,CHCT,651631.00
0.01%,3D SYSTEMS CORP,DDD,3393382.00
0.01%,FERROGLOBE PLC,GSM,2770933.00
0.01%,RICHTECH ROBOTICS INC CLASS B,RR,3912308.00
0.01%,MATIV HOLDINGS INC,MATV,1279147.00
0.01%,OOMA INC,OOMA,587660.00
0.01%,ARS PHARMACEUTICALS INC,SPRY,1383376.00
0.01%,CERENCE INC,CRNC,1053695.00
0.01%,BOWMAN CONSULTING GROUP LTD,BWMN,333009.00
0.01%,DIGITAL TURBINE INC,APPS,2598116.00
0.01%,NEXTDOOR HOLDINGS INC CLASS A,NXDR,5256229.00
0.01%,CERUS CORP,CERS,4325280.00
0.01%,EVOLENT HEALTH INC CLASS A,EVH,2642102.00
0.01%,HYLIION HOLDINGS CORP,HYLN,2934655.00
0.01%,INTREPID POTASH INC,IPI,254074.00
0.01%,GRID DYNAMICS HOLDINGS INC CLASS A,GDYN,1668001.00
0.01%,CALAVO GROWERS INC,CVGW,402235.00
0.01%,HIMALAYA SHIPPING LTD,HSHP,663011.00
0.01%,FIRST BUSINESS FINANCIAL SERVICES,FBIZ,194845.00
0.01%,MEIRAGTX HOLDINGS PLC,MGTX,1073627.00
0.01%,INDUSTRIAL LOGISTICS PROPERTIES TR,ILPT,1340935.00
0.01%,RESOLUTE HOLDINGS MANAGEMENT INC,RHLD,99708.00
0.01%,OPKO HEALTH INC,OPK,9662829.00
0.01%,CHIRON REAL ESTATE INC,XRN,306361.00
0.01%,RED RIVER BANCSHARES INC,RRBI,119063.00
0.01%,W AND T OFFSHORE INC,WTI,2374123.00
0.01%,NVE CORP,NVEC,114078.00
0.01%,ATLANTICUS HOLDINGS CORP,ATLC,130947.00
0.01%,ZENAS BIOPHARMA INC,ZBIO,556149.00
0.01%,EXP WORLD HOLDINGS INC,AGNT,2133039.00
0.01%,CONSOLIDATED WATER LTD,CWCO,357201.00
0.01%,HYSTER YALE INC CLASS A,HY,290519.00
0.01%,SOLID BIOSCIENCES INC,SLDB,1371775.00
0.01%,CERIBELL INC,CBLL,634505.00
0.01%,HOME BANCORP INC,HBCP,165595.00
0.01%,MANITOWOC INC,MTW,818459.00
0.01%,KEARNY FINANCIAL CORP,KRNY,1302637.00
0.01%,ACLARIS THERAPEUTICS INC,ACRS,2167452.00
0.01%,SOUTHERN FIRST BANCSHARES INC,SFST,185997.00
0.01%,BUILD A BEAR WORKSHOP INC,BBW,286103.00
0.01%,ENERGY RECOVERY INC,ERII,1200863.00
0.01%,HINGHAM INSTITUTION FOR SAVINGS,HIFS,38996.00
0.01%,DINE BRANDS GLOBAL INC,DIN,333069.00
0.01%,4D MOLECULAR THERAPEUTICS INC,FDMT,1048918.00
0.01%,PROTHENA PLC,PRTA,1043441.00
0.01%,INTERNATIONAL MONEY EXPRESS INC,IMXI,674662.00
0.01%,EMERGENT BIOSOLUTIONS INC,EBS,1250563.00
0.01%,GRINDR INC,GRND,739922.00
0.01%,GROUPON INC,GRPN,595977.00
0.01%,CHOICEONE FINANCIAL SERVICES INC,COFS,334605.00
0.01%,TITAN MACHINERY INC,TITN,503676.00
0.01%,ETHAN ALLEN INTERIORS INC,ETD,533217.00
0.01%,I3 VERTICALS INC CLASS A,IIIV,541179.00
0.01%,COLUMBUS MCKINNON CORP,CMCO,670103.00
0.01%,FULCRUM THERAPEUTICS INC,FULC,1407231.00
0.01%,MOVADO GROUP INC,MOV,363558.00
0.01%,MIMEDX GROUP INC,MDXG,2806750.00
0.01%,VAREX IMAGING CORP,VREX,992171.00
0.01%,THREDUP INC CLASS A,TDUP,2345589.00
0.01%,NATURAL GAS SERVICES GROUP INC,NGS,235560.00
0.01%,JEFFERSON CAPITAL INC,JCAP,528902.00
0.01%,AMERICAN BATTERY TECHNOLOGY COMPAN,ABAT,2870593.00
0.01%,AEBI SCHMIDT HOLDING AG,AEBI,880210.00
0.01%,FARMLAND PARTNERS INC,FPI,944970.00
0.01%,CALIFORNIA BANCORP,BCAL,524274.00
0.01%,ATLANTA BRAVES HOLDINGS INC SERIES,BATRA,178813.00
0.01%,CAMPING WORLD HOLDINGS INC CLASS A,CWH,1417931.00
0.01%,ONE LIBERTY PROPERTIES REIT INC,OLP,424452.00
0.01%,TIPTREE INC,TIPT,574077.00
0.01%,CROSS COUNTRY HEALTHCARE INC,CCRN,739833.00
0.01%,ANGIODYNAMICS INC,ANGO,877977.00
0.01%,VILLAGE SUPER MARKET INC CLASS A,VLGEA,211260.00
0.01%,POWERFLEET INC,AIOT,2971709.00
0.01%,ORANGE COUNTY BANCORP INC,OBT,291818.00
0.01%,RAPID7 INC,RPD,1548449.00
0.01%,FREQUENCY ELECTRONICS INC,FEIM,159609.00
0.01%,GLOBAL INDUSTRIAL,GIC,333382.00
0.01%,LENDINGTREE INC,TREE,268439.00
0.01%,RBB BANCORP,RBB,411096.00
0.01%,AVEANNA HEALTHCARE HOLDINGS INC,AVAH,1289524.00
0.01%,LB FOSTER,FSTR,238707.00
0.01%,TEJON RANCH,TRC,495765.00
0.01%,XOMA ROYALTY CORP,XOMA,227227.00
0.01%,BACKBLAZE INC CLASS A,BLZE,1313278.00
0.01%,DREAM FINDERS HOMES INC CLASS A,DFH,700701.00
0.01%,LUXFER HOLDINGS PLC,LXFR,606812.00
0.01%,CANDEL THERAPEUTICS INC,CADL,1064427.00
0.01%,NEUROPACE INC,NPCE,597308.00
0.01%,BLUELINX HOLDINGS INC,BXC,179957.00
0.01%,THE MARCUS CORP,MCS,540448.00
0.01%,AKTIS ONCOLOGY INC,AKTS,481462.00
0.01%,CALEDONIA MINING PLC,CMCL,390881.00
0.01%,TITAN AMERICA SA,TTAM,572866.00
0.01%,ORION SA,OEC,1294370.00
0.01%,CYTEK BIOSCIENCES INC,CTKB,2775428.00
0.01%,UNITY BANCORP INC,UNTY,176759.00
0.01%,WEALTHFRONT CORP,WLTH,824153.00
0.01%,GEVO INC,GEVO,5491425.00
0.01%,GREIF INC CLASS B,GEFB,112250.00
0.01%,SHUTTERSTOCK INC,SSTK,572447.00
0.01%,YORK WATER,YORW,312665.00
0.01%,ASPEN AEROGELS INC,ASPN,1572083.00
0.01%,BRIDGEWATER BANCSHARES INC,BWB,498788.00
0.01%,CALERES INC,CAL,811446.00
0.01%,MASTERCRAFT BOAT HOLDINGS INC,MCFT,367324.00
0.01%,SAUL CENTERS REIT INC,BFS,270132.00
0.01%,ALTIMMUNE INC,ALT,3080971.00
0.01%,TITAN INTERNATIONAL INC,TWI,1150086.00
0.01%,STRATA CRITICAL MEDICAL INC CLASS,SRTA,1632035.00
0.01%,LIGHTBRIDGE CORP,LTBR,695942.00
0.01%,ENANTA PHARMACEUTICALS INC,ENTA,645500.00
0.01%,ALIGHT INC CLASS A,ALIT,11099463.00
0.01%,METHODE ELECTRONICS INC,MEI,806428.00
0.01%,COLONY BANKCORP INC,CBAN,454675.00
0.01%,EL POLLO LOCO INC,LOCO,656056.00
0.01%,BEL FUSE INC CLASS A,BELFA,36457.00
0.01%,SAFE BULKERS INC,SB,1209576.00
0.01%,NATURAL GROCERS BY VITAMIN COTTAGE,NGVC,305397.00
0.01%,INNVENTURE INC,INV,1203204.00
0.01%,WEST BANCORPORATION INC,WTBA,377964.00
0.01%,COMMUNITY HEALTH SYSTEMS INC,CYH,3028587.00
0.01%,XPERI INC,XPER,1092464.00
0.01%,PUBMATIC INC CLASS A,PUBM,919613.00
0.01%,FARMERS AND MERCHANTS BANCORP INC,FMAO,327387.00
0.01%,NATURES SUNSHINE PRODUCTS INC,NATR,392500.00
0.01%,BANK OF MARIN BANCORP,BMRC,340497.00
0.01%,CENTRAL GARDEN AND PET,CENT,229329.00
0.01%,GRAY MEDIA INC,GTN,2081883.00
0.01%,WORLD ACCEPTANCE CORP,WRLD,57639.00
0.01%,ABACUS GLOBAL MANAGEMENT INC CLASS,ABX,942596.00
0.01%,YEXT INC,YEXT,2435412.00
0.01%,EVOLUS INC,EOLS,1312184.00
0.01%,BANKWELL FINANCIAL GROUP INC,BWFG,168809.00
0.01%,LEXEO THERAPEUTICS INC,LXEO,1557282.00
0.01%,VOX ROYALTY CORP,VOXR,1353652.00
0.01%,CAPITAL BANCORP INC,CBNK,280130.00
0.01%,CORSAIR GAMING INC,CRSR,1149210.00
0.01%,KKR REAL ESTATE FINANCE INC TRUST,KREF,1298585.00
0.01%,DESIGN THERAPEUTICS INC,DSGN,578631.00
0.01%,HBT FINANCIAL INC,HBT,305745.00
0.01%,BETA BIONICS INC,BBNX,909311.00
0.01%,NEUROGENE INC,NGNE,267093.00
0.01%,FRONTVIEW REIT INC,FVR,472006.00
0.01%,POWER SOLUTIONS INTERNATIONAL INC,PSIX,202313.00
0.01%,VANDA PHARMACEUTICALS INC,VNDA,1305383.00
0.01%,ACCO BRANDS CORP,ACCO,2124063.00
0.01%,CLEARPOINT NEURO INC,CLPT,649700.00
0.01%,DELCATH SYS INC,DCTH,723276.00
0.01%,AELUMA INC,ALMU,310637.00
0.01%,RANGER ENERGY SERVICES INC CLASS A,RNGR,507328.00
0.01%,CLEAN ENERGY FUELS CORP,CLNE,4005723.00
0.01%,BAYCOM CORP,BCML,269683.00
0.01%,AURA BIOSCIENCES INC,AURA,1028079.00
0.01%,STITCH FIX INC CLASS A,SFIX,2633237.00
0.01%,NORTHPOINTE BANCSHARES INC,NPB,476679.00
0.01%,REPLIMUNE GROUP INC,REPL,1652759.00
0.01%,INVESTAR HOLDING CORP,ISTR,291946.00
0.01%,NEWTEKONE INC,NEWT,621264.00
0.01%,INVESTORS TITLE,ITIC,34147.00
0.01%,ADC THERAPEUTICS SA,ADCT,2410553.00
0.01%,FULGENT GENETICS INC,FLGT,499461.00
0.01%,PARKE BANCORP INC,PKBK,266407.00
0.01%,PONCE FINANCIAL GROUP INC,PDLB,454671.00
0.01%,PERSONALIS INC,PSNL,1196058.00
0.01%,WHITEFIBER INC,WYFI,267620.00
0.01%,FIRST BANK,FRBA,527629.00
0.01%,MAGNERA CORP,MAGN,753914.00
0.01%,GINKGO BIOWORKS HOLDINGS INC CLASS,DNA,1015250.00
0.01%,WEAVE COMMUNICATIONS INC,WEAV,1544732.00
0.01%,MAYVILLE ENGINEERING COMPANY INC,MEC,311995.00
0.01%,GLADSTONE LAND REIT CORP,LAND,834854.00
0.01%,FIRST TRACKS BIOTHERAPEUTICS INC,TRAX,434064.00
0.01%,IBOTTA INC CLASS A,IBTA,263857.00
0.01%,FIRST BANCORP INC,FNLC,276492.00
0.01%,B AND G FOODS INC,BGS,1843106.00
0.01%,PACIFIC BIOSCIENCES OF CALIFORNIA,PACB,6505045.00
0.01%,CITIZENS AND NORTHERN CORP,CZNC,378077.00
0.01%,ALLOGENE THERAPEUTICS INC,ALLO,3659125.00
0.01%,BEYOND MEAT INC,BYND,9695043.00
0.01%,MYRIAD GENETICS INC,MYGN,2151968.00
0.01%,SPROUT SOCIAL INC CLASS A,SPT,1295657.00
0.01%,REGIONAL MANAGEMENT CORP,RM,222502.00
0.01%,KEROS THERAPEUTICS INC,KROS,705387.00
0.01%,KURA SUSHI USA INC,KRUS,160783.00
0.01%,RMR GROUP INC CLASS A,RMR,398315.00
0.01%,TECTONIC THERAPEUTIC INC,TECX,257817.00
0.01%,NEWSMAX INC CLASS B,NMAX,1110669.00
0.01%,BED BATH AND BEYOND INC,BBBY,1629813.00
0.01%,ONCOLOGY INSTITUTE INC,TOI,1890141.00
0.01%,MATRIX SERVICE,MTRX,622063.00
0.01%,CLIMB GLOBAL SOLUTIONS INC,CLMB,386290.00
0.01%,PRIME MEDICINE INC,PRME,2418343.00
0.01%,MCGRAW HILL INC,MH,678031.00
0.01%,GENESCO INC,GCO,234960.00
0.01%,TIMBERLAND BANCORP INC,TSBK,188757.00
0.01%,GOGO INC,GOGO,1837881.00
0.01%,PUMA BIOTECHNOLOGY INC,PBYI,1036359.00
0.01%,ZUMIEZ INC,ZUMZ,314913.00
0.01%,XEROX HOLDINGS CORP,XRX,3060031.00
0.01%,NORTHEAST COMMUNITY BANCORP INC,NECB,315356.00
0.01%,PRIMIS FINANCIAL CORP,FRST,523763.00
0.01%,PLUMAS BANCORP,PLBC,143204.00
0.01%,VIEMED HEALTHCARE INC,VMD,773578.00
0.01%,IBEX LTD,IBEX,242019.00
0.01%,NERDWALLET INC CLASS A,NRDS,957672.00
0.01%,NU SKIN ENTERPRISES INC CLASS A,NUS,1156631.00
0.01%,8X8 INC,EGHT,3234920.00
0.01%,VERASTEM INC,VSTM,1538480.00
0.01%,SITE CENTERS CORP,SITC,1332802.00
0.01%,MVB FINANCIAL CORP,MVBF,280237.00
0.01%,EVE HOLDING INC,EVEX,2245815.00
0.01%,DONEGAL GROUP INC CLASS A,DGICA,415493.00
0.01%,SHOE CARNIVAL INC,SCVL,444184.00
0.01%,KELLY SERVICES INC CLASS A,KELYA,723622.00
0.01%,ORTHOPEDIATRICS CORP,KIDS,394402.00
0.01%,ELEDON PHARMACEUTICALS INC,ELDN,1777699.00
0.01%,ARHAUS INC CLASS A,ARHS,1194520.00
0.01%,ENCORE ENERGY CORP,EU,4336429.00
0.01%,ATEA PHARMACEUTICALS INC,AVIR,1645424.00
0.01%,CITIZENS FINANCIAL SERVICES INC,CZFS,112100.00
0.01%,THE HONEST COMPANY INC,HNST,2197608.00
0.01%,MICROVAST HOLDINGS INC,MVST,4726317.00
0.01%,WESTROCK COFFEE,WEST,835539.00
0.01%,FS BANCORP INC,FSBW,173617.00
0.01%,PARK OHIO HOLDINGS CORP,PKOH,224923.00
0.01%,PCB BANCORP,PCB,291053.00
0.01%,ATOMERA INC,ATOM,715151.00
0.01%,REGENXBIO INC,RGNX,1103824.00
0.01%,FLOTEK INDUSTRIES INC,FTK,334891.00
0.01%,OLAPLEX HOLDINGS INC,OLPX,3375372.00
0.01%,NORWOOD FINANCIAL CORP,NWFL,232263.00
0.01%,STANDARD BIOTOOLS INC,LAB,6805492.00
0.01%,AMERICAN COASTAL INSURANCE CORP,ACIC,638279.00
0.01%,VITAL FARMS INC,VITL,796517.00
0.01%,UPSTREAM BIO INC,UPB,770392.00
0.01%,RANPAK HOLDINGS CORP CLASS A,PACK,1095670.00
0.01%,AKEBIA THERAPEUTICS INC,AKBA,5958717.00
0.01%,ROCKET PHARMACEUTICALS INC,RCKT,1977180.00
0.01%,EDITAS MEDICINE INC,EDIT,2350914.00
0.01%,SAVERS VALUE VILLAGE INC,SVV,909274.00
0.01%,DAVE AND BUSTERS ENTERTAINMENT INC,PLAY,648414.00
0.01%,FRONTIER GROUP HOLDINGS INC,ULCC,1362907.00
0.01%,FUBOTV INC CLASS A,FUBO,674915.00
0.01%,CHAINCE DIGITAL HOLDINGS INC,CD,871987.00
0.01%,MBIA INC,MBI,1093476.00
0.01%,HAVERTY FURNITURE COMPANIES INC,HVT,314720.00
0.01%,WABASH NATIONAL CORP,WNC,963464.00
0.01%,WATERSTONE FINANCIAL INC,WSBF,359886.00
0.01%,GRANITE RIDGE RESOURCES INC,GRNT,1221222.00
0.01%,PAYSAFE LTD,PSFE,797225.00
0.01%,BLEND LABS INC CLASS A,BLND,4665900.00
0.01%,GENIE ENERGY LTD CLASS B,GNE,493617.00
0.01%,NATHANS FAMOUS INC,NATH,63696.00
0.01%,PROTARA THERAPEUTICS INC,TARA,1212495.00
0.01%,RADIANT LOGISTIC INC,RLGT,782195.00
0.01%,MEDIAALPHA INC CLASS A,MAX,793232.00
0.01%,MONOPAR THERAPEUTICS INC,MNPR,104317.00
0.01%,DISTRIBUTION SOLUTIONS GROUP INC,DSGR,233884.00
0.01%,PORTILLO S INC CLASS A,PTLO,1590980.00
0.01%,AMC GLOBAL MEDIA INC CLASS A,AMCX,762959.00
0.01%,STRATTEC SECURITY CORP,STRT,97808.00
0.01%,SUMMIT MIDSTREAM CORP,SMC,201010.00
0.01%,ANAVEX LIFE SCIENCES CORP,AVXL,2039032.00
0.01%,ATN INTERNATIONAL INC,ATNI,232856.00
0.01%,STARZ ENTERTAINMENT CORP,STRZ,285261.00
0.01%,TSS INC,TSSI,548942.00
0.01%,CADIZ INC,CDZI,1339328.00
0.01%,CABLE ONE INC,CABO,120781.00
0.01%,ABEONA THERAPEUTICS INC,ABEO,1098242.00
0.01%,ONITY GROUP INC,ONIT,170943.00
0.01%,AMES NATIONAL CORP,ATLO,219346.00
0.01%,NEXXEN INTERNATIONAL LTD,NEXN,751027.00
0.01%,JOHN MARSHALL BANCORP INC,JMSB,290388.00
0.01%,RIBBON COMMUNICATIONS INC,RBBN,2293150.00
0.01%,READY CAPITAL CORP,RC,3508576.00
0.01%,EVGO INC CLASS A,EVGO,3101941.00
0.01%,ARES COMMERCIAL REAL ESTATE REIT C,ACRE,1275296.00
0.01%,PANGAEA LOGISTICS SOLUTIONS LTD,PANL,725342.00
0.01%,COMPASS THERAPEUTICS,CMPX,3017776.00
0.01%,MGP INGREDIENTS INC,MGPI,327004.00
0.01%,CHEMUNG FINANCIAL CORP,CHMG,88493.00
0.01%,TRUBRIDGE INC,TBRG,228518.00
0.01%,ARDENT HEALTH INC,ARDT,569882.00
0.01%,BOSTON OMAHA CORP CLASS A,BOC,505320.00
0.01%,KRISPY KREME INC,DNUT,1797763.00
0.01%,FRP HOLDINGS INC,FRPH,265931.00
0.01%,LIBERTY LATIN AMERICA LTD CLASS A,LILA,773262.00
0.01%,REZOLUTE INC,RZLT,1712365.00
0.01%,M TRON INDUSTRIES INC,MPTI,73150.00
0.01%,BK TECHNOLOGIES CORP,BKTI,68789.00
0.01%,FVCBANKCORP INC,FVCB,371059.00
0.01%,LATHAM GROUP INC,SWIM,1168315.00
0.01%,FIRST WESTERN FINANCIAL INC,MYFW,198480.00
0.01%,ALPINE INCOME PROPERTY TRUST INC,PINE,300565.00
0.01%,CITIZENS INC CLASS A,CIA,1084215.00
0.01%,GBANK FINL HLDGS INC,GBFH,211311.00
0.01%,OPPFI INC CLASS A,OPFI,635382.00
0.01%,REPAY HOLDINGS CORP CLASS A,RPAY,1682828.00
0.01%,WEBTOON ENTERTAINMENT INC,WBTN,444161.00
0.01%,REAL BROKERAGE INC,REAX,3286169.00
0.01%,TPG MORTGAGE INVESTMENT TRUST INC,MITT,728069.00
0.01%,BUMBLE INC CLASS A,BMBL,1720670.00
0.01%,N ABLE INC,NABL,1686369.00
0.01%,EW SCRIPPS CLASS A,SSP,1578518.00
0.01%,ACCENDRA HEALTH INC,ACH,1834307.00
0.01%,INFINITY NATURAL RESOURCES INC CLA,INR,365544.00
0.01%,PERSPECTIVE THERAPEUTICS INC,CATX,1434595.00
0.01%,ELECTROMED INC,ELMD,151028.00
0.01%,FENNEC PHARMACEUTICALS INC,FENC,593847.00
0.01%,ROCKY BRANDS INC,RCKY,165649.00
0.01%,JOHNSON OUTDOORS INC CLASS A,JOUT,137848.00
0.01%,HACKETT GROUP INC,HCKT,570431.00
0.01%,EVOMMUNE INC,EVMN,240288.00
0.01%,ZIPRECRUITER INC CLASS A,ZIP,1503088.00
0.01%,FRANKLIN FINANCIAL SERVICES CORP,FRAF,96601.00
0.01%,CODEXIS INC,CDXS,2118225.00
0.01%,CONDUENT INC,CNDT,3755512.00
0.01%,OPTIMUM COMMUNICATIONS INC CLASS A,OPTU,6146876.00
0.01%,OAK VALLEY BANCORP,OVLY,161727.00
0.01%,NRC HEALTH,NRC,282136.00
0.01%,FIDELITY D AND D BANCORP INC,FDBC,118237.00
0.01%,DESIGNER BRANDS INC CLASS A,DBI,801005.00
0.01%,OCTAVE SPECIALTY GROUP INC,OSG,932903.00
0.01%,US GOLD CORP,USAU,312250.00
0.01%,AERSALE CORP,ASLE,817215.00
0.01%,KINGSWAY FINANCIAL SERVICES INC,KFS,480530.00
0.01%,OMNIAB INC,OABI,2406139.00
0.01%,TELOS CORPORATION CORP,TLS,1244207.00
0.01%,OPORTUN FINANCIAL CORP,OPRT,974879.00
0.01%,PETCO HEALTH AND WELLNESS COMPANY,WOOF,2023022.00
0.01%,ALICO INC,ALCO,127663.00
0.01%,SIMULATIONS PLUS INC,SLP,390162.00
0.01%,NATIONAL BANKSHARES INC,NKSH,146028.00
0.01%,UNISYS CORP,UIS,1675897.00
0.01%,CLARITEV CORP CLASS A,CTEV,217462.00
0.01%,FUNKO INC CLASS A,FNKO,995348.00
0.01%,BENITEC BIOPHARMA INC,BNTC,428716.00
0.01%,SIGHT SCIENCES INC,SGHT,973942.00
0.01%,KARAT PACKAGING INC,KRT,193054.00
0.01%,FIRST UNITED CORP,FUNC,135164.00
0.01%,RXSIGHT INC,RXST,898426.00
0.01%,WESTERN NEW ENGLAND BANCORP INC,WNEB,380865.00
0.01%,DIAMEDICA THERAPEUTICS INC,DMAC,792800.00
0.01%,PROFRAC HOLDING CLASS A CORP,ACDC,691348.00
0.01%,QUAD GRAPHICS INC CLASS A,QUAD,687991.00
0.01%,VUZIX CORP,VUZI,1627543.00
0.01%,PURE CYCLE CORP,PCYO,458727.00
0.01%,C AND F FINANCIAL CORP,CFFI,66216.00
0.01%,FB BANCORP INC,FBLA,354745.00
0.01%,LIMONEIRA,LMNR,375106.00
0.01%,PLAYTIKA HOLDING CORP,PLTK,1350489.00
0.01%,ENERGY SERVICES OF AMERICA CORP,ESOA,285707.00
0.01%,ORASURE TECHNOLOGIES INC,OSUR,1685487.00
0.01%,ARCTURUS THERAPEUTICS HOLDINGS INC,ARCT,632665.00
0.01%,PAYSIGN INC,PAYS,852938.00
0.01%,HOLLEY INC,HLLY,1812646.00
0.01%,TREDEGAR CORP,TG,605130.00
0.01%,LCNB CORP,LCNB,307110.00
0.01%,RICHARDSON ELECTRONICS LTD,RELL,281369.00
0.01%,CHICAGO ATLANTIC REAL ESTATE FINAN,REFI,430700.00
0.01%,FLEXSTEEL INDUSTRIES INC,FLXS,87089.00
0.01%,CITI TRENDS INC,CTRN,113387.00
0.01%,FRANKLIN COVEY,FC,232545.00
0.01%,908 DEVICES INC,MASS,667188.00
0.01%,PALLADYNE AI CORP,PDYN,729695.00
0.01%,CLEARWATER PAPER CORP,CLW,354421.00
0.01%,BLUE RIDGE BANKSHARES INC,BRBS,1475486.00
0.01%,VIRGINIA NATIONAL BANKSHARES CORP,VABK,113371.00
0.01%,LOVESAC COMPANY,LOVE,316259.00
0.01%,FATE THERAPEUTICS INC,FATE,2544858.00
0.01%,SONIDA SENIOR LIVING INC,SNDA,125039.00
0.01%,NIAGEN BIOSCIENCE INC,NAGE,1264438.00
0.01%,FORWARD AIR CORP,FWRD,509439.00
0.01%,CRICUT INC CLASS A,CRCT,1186584.00
0.01%,USANA HEALTH SCIENCES INC,USNA,265587.00
0.01%,ASURE SOFTWARE INC,ASUR,555060.00
0.01%,ALECTOR INC,ALEC,2072368.00
0.01%,BANK7 CORP,BSVN,112773.00
0.01%,VOYAGER THERAPEUTICS INC,VYGR,1119063.00
0.01%,CORE MOLDING TECHNOLOGIES INC,CMT,192032.00
0.01%,SPOK HOLDINGS INC,SPOK,431645.00
0.01%,MISTRAS GROUP INC,MG,278101.00
0.01%,AMERICAN INTEGRITY INSURANCE GROUP,AII,275316.00
0.01%,RESERVOIR MEDIA INC,RSVR,458911.00
0.01%,NEXPOINT DIVERSIFIED REAL ESTATE T,NXDT,923370.00
0.01%,CLAROS MORTGAGE TRUST INC,CMTG,2192572.00
0.01%,VELOCITY FINANCIAL INC,VEL,268122.00
0.01%,SEVEN HILLS REALTY TRUST,SEVN,556455.00
0.01%,AVIAT NETWORKS INC,AVNW,282282.00
0.01%,JAKKS PACIFIC INC,JAKK,214619.00
0.01%,PRINCETON BANCORP INC,BPRN,131840.00
0.01%,RCI HOSPITALITY HOLDINGS INC,RICK,186377.00
0.01%,BIGCOMMERCE HOLDINGS INC SERIES,CMRC,1679195.00
0.01%,OUTDOOR HOLDING,POWW,2368534.00
0.01%,CRAWFORD CLASS A,CRDA,459145.00
0.01%,NATIONAL CINEMEDIA INC,NCMI,1559239.00
0.01%,ENTRADA THERAPEUTICS INC,TRDA,671568.00
0.01%,JACK IN THE BOX INC,JACK,417014.00
0.01%,WEYCO GROUP INC,WEYS,132061.00
0.01%,USCB FINANCIAL HOLDINGS INC CLASS,USCB,248070.00
0.01%,OPEN LENDING CORP,LPRO,2488183.00
0.01%,TURTLE BEACH CORP,TBCH,398718.00
0.01%,PEOPLES BANCORP OF NORTH CAROLINA,PEBK,112001.00
0.01%,VTEX CLASS A,VTEX,1304745.00
0.01%,STRATUS PROPERTIES INC,STRS,150973.00
0.01%,IMMERSION CORP,IMMR,717461.00
0.01%,ANIKA THERAPEUTICS INC,ANIK,291609.00
0.01%,INSEEGO CORP,INSG,316565.00
0.01%,EMBECTA CORP,EMBC,1414108.00
0.01%,TONIX PHARMACEUTICALS HOLDING CORP,TNXP,314670.00
0.01%,NACCO INDUSTRIES INC CLASS A,NC,86478.00
0.01%,HUDSON TECHNOLOGIES INC,HDSN,913557.00
0.01%,INSPIRED ENTERTAINMENT INC,INSE,599570.00
0.01%,SKY HARBOUR GROUP CORP CLASS A,SKYH,464108.00
0.01%,FIRST INTERNET BANCORP,INBK,184245.00
0.01%,NET LEASE OFFICE PROPERTIES,NLOP,381323.00
0.01%,LARIMAR THERAPEUTICS INC,LRMR,1121600.00
0.01%,COASTALSOUTH BANCSHARES INC,COSO,171259.00
0.01%,INHIBIKASE THERAPEUTICS INC,IKT,2325354.00
0.01%,GREENE COUNTY BANCORP INC,GCBC,172057.00
0.01%,MEDALLION FINANCIAL CORP,MFIN,442132.00
0.01%,NUVECTIS PHARMA INC,NVCT,341842.00
0.01%,MICROVISION INC,MVIS,7063605.00
0.01%,LUMEXA IMAGING HOLDINGS INC,LMRI,584926.00
0.01%,ESCALADE INC,ESCA,227329.00
0.01%,RIMINI STREET INC,RMNI,1204579.00
0.01%,ORGANOGENESIS HOLDINGS INC CLASS A,ORGO,1620365.00
0.01%,FIRST COMMUNITY CORP,FCCO,141784.00
0.01%,FIRST NATIONAL CORP,FXNC,155308.00
0.01%,ANGI INC CLASS A,ANGI,858382.00
0.01%,KINGSTONE COMPANIES INC,KINS,279684.00
0.01%,CAPSOVISION INC,CV,565898.00
0.01%,LIFEMD INC,LFMD,927168.00
0.01%,FALCON S BEYOND GLOBAL INC CLASS A,FBYD,363615.00
0.01%,SIGA TECHNOLOGIES INC,SIGA,956705.00
0.01%,KOLIBRI GLOBAL ENERGY INC,KGEI,748463.00
0.01%,BETTER HOME FINANCE HOLDING CLASS,BETR,139843.00
0.01%,PRIORITY TECHNOLOGY HOLDINGS INC,PRTH,678761.00
0.01%,BIGLARI HOLDINGS INCINARY CLASS B,BH,15645.00
0.01%,RE MAX HOLDINGS INC CLASS A,RMAX,445770.00
0.01%,TRUEBLUE INC,TBI,708428.00
0.01%,INFORMATION SERVICES GROUP INC,III,937467.00
0.01%,FIRST CAPITAL INC,FCAP,70576.00
0.01%,LEGACY HOUSING,LEGH,175712.00
0.01%,GREENWICH LIFESCIENCES INC,GLSI,152141.00
0.00%,PIONEER BANCORP INC,PBFS,264738.00
0.00%,ATEGRITY SPECIALTY INSURANCE COMPA,ASIC,202216.00
0.00%,COMMERCIAL BANCGROUP INC,CBK,139319.00
0.00%,LIFEZONE METALS LTD,LZM,775420.00
0.00%,RGC RESOURCES INC,RGCO,168731.00
0.00%,HUMACYTE INC,HUMA,3907019.00
0.00%,SELECTQUOTE INC,SLQT,3284814.00
0.00%,KORU MEDICAL SYSTEMS INC,KRMD,982242.00
0.00%,BRT APARTMENTS CORP,BRT,265993.00
0.00%,CITIZENS COMMUNITY BANCORP INC,CZWI,185937.00
0.00%,COHERUS ONCOLOGY INC,CHRS,2380429.00
0.00%,COSTAMARE BULKERS HOLDINGS LTD,CMDB,203382.00
0.00%,CONCRETE PUMPING HOLDINGS INC,BBCP,528599.00
0.00%,BLAIZE HOLDINGS INC,BZAI,2168497.00
0.00%,OP BANCORP,OPBK,272109.00
0.00%,HAWTHORN BANCSHARES INC,HWBK,104403.00
0.00%,SEAPORT ENTERTAINMENT GROUP INC,SEG,164656.00
0.00%,KRONOS WORLDWIDE INC,KRO,520646.00
0.00%,MERIDIAN CORP,MRBK,217525.00
0.00%,KULR TECHNOLOGY GROUP INC,KULR,994077.00
0.00%,JAMES RIVER GROUP HOLDINGS INC,JRVR,913460.00
0.00%,INOGEN INC,INGN,555622.00
0.00%,ATRIUM THERAPEUTICS INC,RNA,284972.00
0.00%,OHIO VALLEY BANC CORP,OVBC,82087.00
0.00%,QUANTUM SI INC CLASS A,QSI,4003953.00
0.00%,ACACIA RESEARCH CORP,ACTG,796269.00
0.00%,HIGHPEAK ENERGY INC,HPK,546635.00
0.00%,VIANT TECHNOLOGY INC CLASS A,DSP,354403.00
0.00%,DIGIMARC CORP,DMRC,376852.00
0.00%,PERMA FIX ENVIRONMENTAL SERVICES I,PESI,402583.00
0.00%,BAKKT INC CLASS A,BKKT,423107.00
0.00%,UTAH MEDICAL PRODUCTS INC,UTMD,57491.00
0.00%,BCB BANCORP INC,BCBP,371949.00
0.00%,SEACOR MARINE HOLDINGS INC,SMHI,506424.00
0.00%,CREXENDO INC,CXDO,374536.00
0.00%,BARNES AND NOBLE EDUCATION INC,BNED,385626.00
0.00%,BRAEMAR HOTELS RESORTS INC,BHR,1369687.00
0.00%,MOTORCAR PARTS OF AMERICA INC,MPAA,308242.00
0.00%,TECHTARGET INC,TTGT,706570.00
0.00%,VIA TRANSPORTATION INC CLASS A,VIA,242235.00
0.00%,PHOENIX EDUCATION PARTNERS INC,PXED,116408.00
0.00%,MODIV INDUSTRIAL INC CLASS C,MDV,191901.00
0.00%,MEDIWOUND LTD,MDWD,203745.00
0.00%,ALTI GLOBAL INC CLASS A,ALTI,977320.00
0.00%,DMC GLOBAL INC,BOOM,460929.00
0.00%,INNOVAGE HOLDING CORP,INNV,454327.00
0.00%,HERON THERAPEUTICS INC,HRTX,3691934.00
0.00%,KINDERCARE LEARNING COMPANIES INC,KLC,771829.00
0.00%,LENZ THERAPEUTICS INC,LENZ,458727.00
0.00%,SHOULDER INNOVATIONS INC,SI,214060.00
0.00%,MEDIFAST INC,MED,264094.00
0.00%,SECURITY NATIONAL FINANCIAL CORP C,SNFCA,345786.00
0.00%,BV FINANCIAL INC,BVFL,164092.00
0.00%,XPONENTIAL FITNESS INC CLASS A,XPOF,641314.00
0.00%,RESOURCES CONNECTION INC,RGP,752295.00
0.00%,HAMILTON BEACH BRANDS HOLDING COMP,HBB,173209.00
0.00%,AIRO GROUP HOLDINGS INC,AIRO,492724.00
0.00%,RCM TECHNOLOGIES INC,RCMT,111466.00
0.00%,NKARTA INC,NKTX,1146344.00
0.00%,EVERCOMMERCE INC,EVCM,337017.00
0.00%,EAGLE FINANCIAL SERVICES INC,EFSI,85918.00
0.00%,NEXPOINT REAL ESTATE FINANCE INC,NREF,215317.00
0.00%,PROTALIX BIOTHERAPEUTICS INC,PLX,1602566.00
0.00%,CURIOSITYSTREAM INC CLASS A,CURI,1021277.00
0.00%,BRC INC CLASS A,BRCC,2064948.00
0.00%,PRIMEENERGY RESOURCES CORP,PNRG,12534.00
0.00%,JELD WEN HOLDING INC,JELD,2052856.00
0.00%,MAINSTREET BANCSHARES INC,MNSB,139524.00
0.00%,PRO DEX INC,PDEX,53660.00
0.00%,TREACE MEDICAL CONCEPTS INC,TMCI,1132872.00
0.00%,LIFEWAY FOODS INC,LWAY,120379.00
0.00%,LOANDEPOT INC CLASS A,LDI,2360364.00
0.00%,EAGLE BANCORP MONTANA INC,EBMT,141429.00
0.00%,ALTA EQUIPMENT GROUP INC CLASS A,ALTG,476885.00
0.00%,SUPERIOR GROUP OF COMPANIES INC,SGC,259680.00
0.00%,GENCOR INDUSTRIES INC,GENC,209404.00
0.00%,FOGHORN THERAPEUTICS INC,FHTX,753906.00
0.00%,ADVANTAGE SOLUTIONS INC CLASS A,ADV,89549.00
0.00%,CB FINANCIAL SERVICES INC,CBFV,85552.00
0.00%,ENVELA CORP,ELA,123849.00
0.00%,PROFICIENT AUTO LOGISTICS INC,PAL,558018.00
0.00%,DOUGLAS ELLIMAN INC,DOUG,1768217.00
0.00%,FRIEDMAN INDUSTRIES INC,FRD,138882.00
0.00%,KALTURA INC,KLTR,1923809.00
0.00%,LIFECORE BIOMEDICAL INC,LFCR,634596.00
0.00%,EVOLUTION PETROLEUM CORP,EPM,643355.00
0.00%,ACRES COMMERCIAL REALTY CORP,ACR,139981.00
0.00%,SANUWAVE HEALTH INC,SNWV,169507.00
0.00%,CPI CARD GROUP INC,PMTS,178592.00
0.00%,NEW FORTRESS ENERGY INC CLASS A,NFE,4172938.00
0.00%,CF BANKSHARES INC,CFBK,104752.00
0.00%,NANO X IMAGING LTD,NNOX,1601310.00
0.00%,SILVERCREST ASSET MANAGEMENT GROUP,SAMG,233320.00
0.00%,BLACK ROCK COFFEE BAR INC CLASS A,BRCB,389463.00
0.00%,DOMO INC CLASS B,DOMO,809618.00
0.00%,ONEWATER MARINE CLASS A INC,ONEW,247826.00
0.00%,ACME UNITED CORP,ACU,66437.00
0.00%,QUANTERIX CORP,QTRX,985659.00
0.00%,AIRJOULE TECHNOLOGIES CORP CLASS A,AIRJ,685287.00
0.00%,STEREOTAXIS INC,STXS,1381124.00
0.00%,SR BANCORP INC,SRBK,145883.00
0.00%,MAXCYTE INC,MXCT,2415383.00
0.00%,THRYV HOLDINGS INC,THRY,798136.00
0.00%,EGAIN CORP,EGAN,385918.00
0.00%,NI HOLDINGS INC,NODK,185366.00
0.00%,JOURNEY MEDICAL CORP,DERM,406002.00
0.00%,EPSILON ENERGY LTD,EPSN,404079.00
0.00%,TUHURA BIOSCIENCES INC,HURA,1022901.00
0.00%,MAUI LAND AND PINEAPPLE INC,MLP,168030.00
0.00%,CARDIFF ONCOLOGY INC,CRDF,1465408.00
0.00%,ANGEL OAK MORTGAGE REIT INC,AOMR,297911.00
0.00%,EVI INDUSTRIES INC,EVI,144778.00
0.00%,FINANCE OF AMERICA COMPANIES INC C,FOA,122777.00
0.00%,FUTUREFUEL CORP,FF,595237.00
0.00%,FINWISE BANCORP,FINW,190119.00
0.00%,BALLY S CORP,BALY,206339.00
0.00%,EASTERN,EML,120477.00
0.00%,1-800 FLOWERS.COM INC CLASS A,FLWS,531807.00
0.00%,MONTAUK RENEWABLES INC,MNTK,1501254.00
0.00%,SB FINANCIAL GROUP INC,SBFG,110782.00
0.00%,BASSETT FURNITURE INDUSTRIES INC,BSET,167105.00
0.00%,LANDMARK BANCORP INC,LARK,85917.00
0.00%,REPOSITRAK INC,TRAK,260406.00
0.00%,TUCOWS INC,TCX,155675.00
0.00%,STRAWBERRY FIELDS REIT INC,STRW,176720.00
0.00%,LAND END INC,LE,212944.00
0.00%,AMERICAN OUTDOOR BRANDS INC,AOUT,247174.00
0.00%,SKYX PLATFORMS CORP,SKYX,1983543.00
0.00%,ASCENT INDUSTRIES,ACNT,161455.00
0.00%,BYRNA TECHNOLOGIES INC,BYRN,433250.00
0.00%,SILVACO GROUP INC,SVCO,208695.00
0.00%,SMITH MIDLAND CORP,SMID,71635.00
0.00%,ALDEYRA THERAPEUTICS INC,ALDX,1311409.00
0.00%,CONSUMER PORTFOLIO SERVICES INC,CPSS,212730.00
0.00%,CS DISCO INC,LAW,614551.00
0.00%,LUCID DIAGNOSTICS INC,LUCD,2104930.00
0.00%,CVRX INC,CVRX,372344.00
0.00%,J JILL INC,JILL,173458.00
0.00%,JOINT CORP,JYNT,255593.00
0.00%,UNIVERSAL LOGISTICS HOLDINGS INC,ULH,152903.00
0.00%,AMERICAS CAR MART INC,CRMT,169927.00
0.00%,ARQ INC,ARQ,767182.00
0.00%,GAMBLING COM GROUP LTD,GAMB,484287.00
0.00%,WESTWOOD HOLDINGS GROUP INC,WHG,124670.00
0.00%,FINWARD BANCORP,FNWD,61393.00
0.00%,AARDVARK THERAPEUTICS INC,AARD,292213.00
0.00%,OMEGA FLEX INC,OFLX,71379.00
0.00%,OPTIMIZERX CORP,OPRX,378707.00
0.00%,SUNRISE REALTY TRUST INC,SUNS,244649.00
0.00%,CARTESIAN THERAPEUTICS INC,RNAC,235152.00
0.00%,HANOVER BANCORP INC,HNVR,84192.00
0.00%,NET POWER INC CLASS A,NPWR,862235.00
0.00%,GYRE THERAPEUTICS INC,GYRE,270474.00
0.00%,HEALTH CATALYST INC,HCAT,1608085.00
0.00%,LAKELAND INDUSTRIES INC,LAKE,178053.00
0.00%,RIVERVIEW BANCORP INC,RVSB,339666.00
0.00%,RICHMOND MUTUAL BANCORPORATION INC,RMBI,128734.00
0.00%,RITHM PROPERTY INC TRUST,RPT,122001.00
0.00%,SKINHEALTH SYSTEMS INC CLASS A,SKIN,2663572.00
0.00%,ECB BANCORP INC,ECBK,98662.00
0.00%,FORRESTER RESEARCH INC,FORR,278938.00
0.00%,PATRIOT NATIONAL BANCORP INC,PNBK,1604417.00
0.00%,EXZEO GROUP INC,XZO,131944.00
0.00%,EMERALD HOLDING INC,EEX,356162.00
0.00%,CARLSMED INC,CARL,165188.00
0.00%,GLOBAL WATER RESOURCES INC,GWRS,251329.00
0.00%,CLARUS CORP,CLAR,647880.00
0.00%,SUNPOWER INC,SPWR,1704752.00
0.00%,HF FOODS GROUP INC,HFFG,902246.00
0.00%,WALDENCAST PLC CLASS A,WALD,1060247.00
0.00%,AMER VANGUARD CORP,AVD,589475.00
0.00%,KORRO BIO INC,KRRO,153471.00
0.00%,HAIN CELESTIAL GROUP INC,HAIN,2118329.00
0.00%,CHAIN BRIDGE BANCORP INC CLASS A,CBNA,45294.00
0.00%,MAMMOTH ENERGY SERVICES INC,TUSK,492838.00
0.00%,SANARA MEDTECH INC,SMTI,74644.00
0.00%,FARADAY FUTURE INTELLIGENT ELECTRI,FFAI,4086720.00
0.00%,EXPENSIFY INC CLASS A,EXFY,1374708.00
0.00%,TRISALUS LF SC CM A,TLSI,616775.00
0.00%,VIRCO MANUFACTURING CORP,VIRC,257306.00
0.00%,GOSSAMER BIO INC,GOSS,4619664.00
0.00%,ZEVIA CLASS A,ZVIA,1232455.00
0.00%,AIRSCULPT TECHNOLOGIES INC,AIRS,318286.00
0.00%,OUTSET MEDICAL INC,OM,394615.00
0.00%,CSP INC,CSPI,155058.00
0.00%,AIRSHIP AI HOLDINGS INC CLASS A,AISP,579339.00
0.00%,SOUNDTHINKING INC,SSTI,218940.00
0.00%,GETTY IMAGES HOLDINGS INC CLASS A,GETY,2007971.00
0.00%,MARINE PRODUCTS CORP,MPX,171775.00
0.00%,PAMT CORP,PAMT,125451.00
0.00%,AVITA MEDICAL INC,RCEL,317622.00
0.00%,AUDIOEYE INC,AEYE,192930.00
0.00%,TRAVELZOO,TZOO,151773.00
0.00%,UNION BANKSHARES INC,UNB,56648.00
0.00%,HIREQUEST INC,HQI,101394.00
0.00%,SOUND FINANCIAL BANCORP INC,SFBC,31623.00
0.00%,INHIBRX INC CVR,INH,794436.00
0.00%,DOCGO INC,DCGO,2195569.00
0.00%,TTEC HOLDINGS INC,TTEC,514656.00
0.00%,LENSAR INC,LNSR,219749.00
0.00%,BIOTE CORP CLASS A,BTMD,659274.00
0.00%,NL INDUSTRIES INC,NL,188373.00
0.00%,NERDY INC CLASS A,NRDY,1475817.00
0.00%,LIFEVANTAGE CORP,LFVN,237020.00
0.00%,NEURONETICS INC,STIM,903226.00
0.00%,PULMONX CORP,LUNG,870443.00
0.00%,EHEALTH INC,EHTH,656549.00
0.00%,TRANSCONTINENTAL REALTY INVESTORS,TCI,32733.00
0.00%,ATYR PHARMA INC,ATYR,2062023.00
0.00%,AKERO THERAPEUTICS CVR,AKE,1731179.00
0.00%,AVIDBANK HOLDINGS INC,AVBH,37385.00
0.00%,BARK INC CLASS A,BARK,118159.00
0.00%,FRANKLIN STREET PROPERTIES REIT CO,FSP,2134313.00
0.00%,VIVID SEATS INC CLASS A,SEAT,119440.00
0.00%,RHINEBECK BANCORP INC,RBKB,66297.00
0.00%,TORRID HOLDINGS INC,CURV,733851.00
0.00%,LUMENT FINANCE TRUST INC,LFT,844578.00
0.00%,CLIPPER REALTY INC,CLPR,311209.00
0.00%,ALPHA TEKNOVA INC,TKNO,244795.00
0.00%,OPAL FUELS INC CLASS A,OPAL,456071.00
0.00%,PUBLIC POLICY HOLDING INC,PPHC,78313.00
0.00%,VALHI INC,VHI,64752.00
0.00%,MARKETWISE INC CLASS A,MKTW,51199.00
0.00%,EMPIRE PETROLEUM CORP,EP,310478.00
0.00%,PLAYSTUDIOS INC CLASS A,MYPS,1995859.00
0.00%,TEADS HOLDING,TEAD,906422.00
0.00%,GAIA INC CLASS A,GAIA,325984.00
0.00%,SKILLSOFT CORP CLASS A,SKIL,120679.00
0.00%,US GOLDMINING INC,USGO,60803.00
0.00%,LIVEWIRE GROUP INC,LVWR,526836.00
0.00%,PRAIRIE OPERATING,PROP,738730.00
0.00%,ISPIRE TECHNOLOGY INC,ISPR,428401.00
0.00%,KESTREL GROUP LTD,KG,60197.00
0.00%,TRAEGER INC,COOK,15758.00
0.00%,SLEEP NUMBER CORP,SNBR,433343.00
0.00%,ACCURAY INC,ARAY,2383042.00
0.00%,FITLIFE BRANDS INC,FTLF,65315.00
0.00%,INMUNE BIO INC,INMB,398778.00
0.00%,VALUE LINE INC,VALU,19630.00
0.00%,DEFINITIVE HEALTHCARE CORP CLASS A,DH,759842.00
0.00%,COMPX INTERNATIONAL INC CLASS A,CIX,28311.00
0.00%,MYOMO INC,MYO,715352.00
0.00%,TVARDI THERAPEUTICS INC,TVRD,155288.00
0.00%,SBC MEDICAL GROUP HOLDINGS INC,SBC,198726.00
0.00%,ARENA GROUP HLDGS INC,AREN,294565.00
0.00%,SIEBERT FINANCIAL CORP,SIEB,288838.00
0.00%,XCF GLOBAL INC CLASS A,SAFX,1187954.00
0.00%,ACTUATE THERAPEUTICS INC,ACTU,177827.00
0.00%,FORAFRIC GLOBAL PLC,AFRI,44887.00
0.00%,NEONODE INC,NEON,255081.00
0.00%,SOLESENCE INC,SLSN,319343.00
0.00%,AMERICAN REALTY INVESTORS INC,ARL,29409.00
0.00%,MOBILE INFRASTRUCTURE CORP,BEEP,200998.00
0.00%,MERIDIAN HOLDINGS INC,MRDN,31188.00
0.00%,SOUTHLAND HOLDINGS INC,SLND,184518.00
0.00%,ATLANTIC INTERNATIONAL CORP,ATLN,150716.00
0.00%,CHINOOK THERAPEUTICS INC,ADRO,1316575.00
0.00%,NEXTNRG INC,NXXT,651213.00
0.00%,VROOM INC,VRM,17534.00
0.00%,VERDE CLEAN FUELS INC CLASS A,VGAS,81857.00
0.00%,CHINOOK THERAPEUTICS INC CVR,ADRO,272339.00
0.00%,TRINSEO PLC,TSEOF,760063.00
0.00%,GOHEALTH INC CLASS A,GOCO,115130.00
0.00%,TEVOGEN BIO HOLDINGS INC,TVGN,9771.00
0.00%,CAD CASH,CAD,0.00
0.00%,PDL BIOPHARMA INC,PDLI,11853.00
0.00%,GTXI INC - CVR,GTXI,13273.00
0.00%,Petrocorp Inc Escrow,P5N994,26106.00
0.00%,STERLING BANCORP INC,SBT,580763.00
0.00%,THIRD HARMONIC BIO INC,THRD,603448.00
0.00%,RUSSELL 2000 EMINI CME JUN 26,RTYM6,2823.00
